2026-09-21 18:12:35;morele.net;Afnan Supremacy in Oud EDP 100ml;Afnan;Perfumy unisex;-;https://www.morele.net/afnan-supremacy-in-oud-edp-100ml-13786664/;151.99;184.34;161.03;SALE
2026-09-21 18:12:37;morele.net;HMS Mata do jogi YM04 pink (17-44-131);HMS;Akcesoria do jogi;-;https://www.morele.net/hms-mata-do-jogi-ym04-pink-17-44-131-4006255/;52.99;54.85;54.85;SALE
2026-09-21 18:12:39;morele.net;Art Uchwyt ścienny AR-24 32'' - 60'';Art;Uchwyty do telewizorów;-;https://www.morele.net/art-uchwyt-scienny-ar-24-32-60-303597/;184.99;330.65;330.65;SALE
2026-09-21 18:12:41;morele.net;Ekspres ciśnieniowy Cecotec Power Instant-ccino 20;Cecotec;Ekspresy ciśnieniowe;-;https://www.morele.net/ekspres-cisnieniowy-cecotec-power-instant-ccino-20-8052111/;538.99;692.27;692.27;SALE
2026-09-21 18:12:43;morele.net;Crabtree & Evelyn Crabtree & Evelyn, Pomegranate & Argan, Nourishing, Body Cream, 250 ml For Women;Crabtree & Evelyn;Balsamy, masła, kremy i olejki do ciała;-;https://www.morele.net/crabtree-evelyn-crabtree-evelyn-pomegranate-argan-nourishing-body-cream-250-ml-for-women-14043455/;54.99;85.85;69.58;SALE
2026-09-21 18:12:45;morele.net;Ultra-Pro Album kolekcjonerski Pokemon 9-Pocket PRO-Binder Mieniące się linie horyzontu;Ultra-Pro;Akcesoria do gier planszowych;-;https://www.morele.net/ultra-pro-album-kolekcjonerski-pokemon-9-pocket-pro-binder-mieniace-sie-linie-horyzontu-13452094/;61.99;93.63;93.63;SALE
2026-09-21 18:12:47;morele.net;Dermalogica Pro NeuroTouch Symmetry Serum do twarzy i szyi 59ml;Dermalogica;Serum do twarzy;-;https://www.morele.net/dermalogica-pro-neurotouch-symmetry-serum-do-twarzy-i-szyi-59ml-15659473/;332.99;553.98;521.99;SALE
2026-09-21 18:12:50;morele.net;Cecotec HairCare Revitalize Aluminum Szczotka elektryczna do włosów;Cecotec;Szczotki i grzebienie;-;https://www.morele.net/cecotec-haircare-revitalize-aluminum-szczotka-elektryczna-do-wlosow-15244168/;194.99;297.60;297.60;SALE
2026-09-21 18:12:53;morele.net;Toster Cecotec ClassicToast 8000 Beżowy Double;Cecotec;Tostery;-;https://www.morele.net/toster-cecotec-classictoast-8000-bezowy-double-14447279/;178.99;179.00;179;SALE
2026-09-21 18:12:56;morele.net;Boltze Tekstylny koszyk na drobiazgi NIKKEL z motywem królika;Boltze;Pojemniki;-;https://www.morele.net/boltze-tekstylny-koszyk-na-drobiazgi-nikkel-z-motywem-krolika-14750627/;36.99;63.06;63.06;SALE
2026-09-21 18:12:58;morele.net;Głośnik samochodowy PeiYing PY-AQ572C;PeiYing;Głośniki samochodowe;-;https://www.morele.net/glosnik-samochodowy-peiying-py-aq572c-373063/;98.99;109.45;109.45;SALE
2026-09-21 18:13:00;morele.net;Akumulator Hahnel Hähnel Battery Canon HL-13L;Hahnel;Akumulatory do aparatów i kamer;-;https://www.morele.net/akumulator-hahnel-h-hnel-battery-canon-hl-13l-9883307/;40.99;120.80;120.80;SALE
2026-09-21 18:13:02;morele.net;Techly UCHWYT BIURKOWY LED/LCD 13-30 CALI PIONOWY (ICA-LCD 500BK);Techly;Uchwyty do monitorów;-;https://www.morele.net/techly-uchwyt-biurkowy-led-lcd-13-30-cali-pionowy-ica-lcd-500bk-845226/;42.99;128.40;111.13;SALE
2026-09-21 18:13:04;morele.net;Multitex Prześc. jersey z gumą roz. 150/160x190/200x20 CLAS;Multitex;Prześcieradła;-;https://www.morele.net/multitex-przesc-jersey-z-guma-roz-150-160x190-200x20-clas-14880079/;16.98;55.92;55.92;SALE
2026-09-21 18:13:06;morele.net;Nite Ize Nite-Ize Karabińczyk Dwustronny S-Biner #5 Czarny uniwersalny;Nite Ize;Akcesoria turystyczne;-;https://www.morele.net/nite-ize-nite-ize-karabinczyk-dwustronny-s-biner-5-czarny-uniwersalny-6385880/;21.99;28.99;28.99;SALE
2026-09-21 18:13:07;morele.net;Chłodzenie wodne Montech HyperFlow Silent 360 Białe;Montech;Chłodzenie wodne - zestawy;-;https://www.morele.net/chlodzenie-wodne-montech-hyperflow-silent-360-biale-14807249/;330.15;364.61;331.15;SALE
2026-09-21 18:13:10;morele.net;Polar Elektroda Pro Strap M-XXL  (001591680000);Polar;Pulsometry i krokomierze;-;https://www.morele.net/polar-elektroda-pro-strap-m-xxl-001591680000-1549015/;167.99;168.95;168.01;SALE
2026-09-21 18:13:13;morele.net;Obudowa Corsair 3500X RSR ARGB Biały (CC-9011323-WW);Corsair;Obudowy;-;https://www.morele.net/obudowa-corsair-3500x-rsr-argb-bialy-cc-9011323-ww-15591762/;388.59;526.54;526.54;SALE
2026-09-21 18:13:16;morele.net;Pamięć G.Skill Trident Z5 RGB, DDR5, 64 GB, 6800MHz, CL34 (F5-6800J3445G32GX2-TZ5RK);G.Skill;Pamięci RAM;-;https://www.morele.net/pamiec-g-skill-trident-z5-rgb-ddr5-64-gb-6800mhz-cl34-f5-6800j3445g32gx2-tz5rk-13020420/;5099.00;8599.00;5874.98;SALE
2026-09-21 18:13:19;morele.net;"Dysk SSD Verbatim Vi550 512GB 2.5"" SATA III (49352)";Verbatim;Dyski SSD;-;https://www.morele.net/dysk-ssd-verbatim-vi550-512gb-2-5-sata-iii-49352-6258680/;299.00;324.00;323.99;SALE
2026-09-21 18:13:21;morele.net;Neomounts Uchwyt na TV WL30S-910BL16;Neomounts;Uchwyty do telewizorów;-;https://www.morele.net/neomounts-uchwyt-na-tv-wl30s-910bl16-12679897/;447.99;748.00;687.63;SALE
2026-09-21 18:13:23;morele.net;Plecak Lowepro Lowepro Fastpack BP 250 AW III Czarny;Lowepro;Plecaki fotograficzne;-;https://www.morele.net/plecak-lowepro-lowepro-fastpack-bp-250-aw-iii-czarny-8387477/;358.99;431.00;446.21;SALE
2026-09-21 18:13:25;morele.net;Magnum BUTY PACE LITE 3.0 BLACK 44;Magnum;Buty taktyczne męskie;-;https://www.morele.net/magnum-buty-pace-lite-3-0-black-44-8200706/;207.99;254.11;229.95;SALE
2026-09-21 18:13:27;morele.net;Radioodtwarzacz Blaupunkt BB7WH;Blaupunkt;Radioodtwarzacze;-;https://www.morele.net/radioodtwarzacz-blaupunkt-bb7wh-9612742/;176.99;187.99;184.99;SALE
2026-09-21 18:13:29;morele.net;Nike Nike WMNS Park 20 Fleece bluza 010 : Rozmiar - L;Nike;Bluzy damskie;-;https://www.morele.net/nike-nike-wmns-park-20-fleece-bluza-010-rozmiar-l-7684112/;153.99;219.89;219.59;SALE
2026-09-21 18:13:31;morele.net;"Teva M'S Universal Slide, BLK, 39.5 (us 7); uk 6";Teva;Sandały sportowe męskie;-;https://www.morele.net/teva-m-s-universal-slide-blk-39-5-us-7-uk-6-10861987/;74.98;175.30;148.99;SALE
2026-09-21 18:13:34;morele.net;C-PREME Kask dziecięcy juniorski Raskullz Super Unicorn roz. S (CPMR-7146801);C-PREME;Kaski rowerowe;-;https://www.morele.net/c-preme-kask-dzieciecy-juniorski-raskullz-super-unicorn-roz-s-cpmr-7146801-15004436/;86.99;166.38;155.60;SALE
2026-09-21 18:13:36;morele.net;Guess Kasinta-SWSG84-05440_CMT Nosize;Guess;Portfele;-;https://www.morele.net/guess-kasinta-swsg84-05440-cmt-nosize-10885801/;53.99;160.55;160.55;SALE
2026-09-21 18:13:38;morele.net;Kuchenprofi Mini Kuchenprofi garnek z pokrywką, 1,0 l, śred. 14 cm;Kuchenprofi;Garnki;-;https://www.morele.net/kuchenprofi-mini-kuchenprofi-garnek-z-pokrywka-1-0-l-sred-14-cm-7657733/;92.99;145.48;145.48;SALE
2026-09-21 18:13:41;morele.net;Zebra Zestaw czyszczący do ZXP 1 (105999-101);Zebra;Akcesoria do drukarek;-;https://www.morele.net/zebra-zestaw-czyszczacy-do-zxp-1-105999-101-724294/;98.99;147.55;146.19;SALE
2026-09-21 18:13:43;morele.net;Rebel Metalowa klatka dla psa, kojec, rozmiar L 76x53x59 cm , REBEL ANIMALS;Rebel;Klatki i kojce dla psa;-;https://www.morele.net/rebel-metalowa-klatka-dla-psa-kojec-rozmiar-l-76x53x59-cm-rebel-animals-15934547/;92.99;134.46;134.46;SALE
2026-09-21 18:13:46;morele.net;Maltex MALTEX - KRZESEŁKO DO KĄPIELI SMERFY      PANDA RÓŻOWE;Maltex;Wanienki;-;https://www.morele.net/maltex-maltex-krzeselko-do-kapieli-smerfy-panda-rozowe-14932277/;42.99;68.63;69.80;SALE
2026-09-21 18:13:49;morele.net;Fixed Pasek z żywicy Resin Pasek do zegarka Apple Watch 44/45/46/49 mm, Carbon Black;-;Akcesoria do smartwatchy;-;https://www.morele.net/fixed-pasek-z-zywicy-resin-pasek-do-zegarka-apple-watch-44-45-46-49-mm-carbon-black-15852964/;38.00;89.00;;-
2026-09-21 18:13:51;morele.net;Fixed Fixed | Sporty Strap for Apple Watch 38/40/41mm | 160-210 mm | Dark gray | Nylon;Fixed;Akcesoria do smartwatchy;-;https://www.morele.net/fixed-fixed-sporty-strap-for-apple-watch-38-40-41mm-160-210-mm-dark-gray-nylon-15328590/;18.00;59.00;19;SALE
2026-09-21 18:13:55;morele.net;Chłodzenie CPU Deepcool AK500 G2 (R-AK500G2-BKNNMN-GJD);-;Chłodzenie CPU;-;https://www.morele.net/chlodzenie-cpu-deepcool-ak500-g2-r-ak500g2-bknnmn-gjd-15710516/;168.00;189.99;;-
2026-09-21 18:13:58;morele.net;Pamięć G.Skill Aegis, DDR3, 4 GB, 1600MHz, CL11 (F3-1600C11S-4GIS);G.Skill;Pamięci RAM;-;https://www.morele.net/pamiec-g-skill-aegis-ddr3-4-gb-1600mhz-cl11-f3-1600c11s-4gis-723058/;110.00;126.10;125.99;SALE
2026-09-21 18:14:00;morele.net;Ładowarka Fixed FIXMPOS-AL2-TI Indukcyjna  (FIXMPOS-AL2-TI);Fixed;Ładowarki sieciowe;-;https://www.morele.net/ladowarka-fixed-fixmpos-al2-ti-indukcyjna-fixmpos-al2-ti-15620610/;134.00;279.00;139;SALE
2026-09-21 18:14:02;morele.net;Fixed Pokrowiec żelowy TPU FIXED Story AntiUV dla Apple iPhone 17, przezroczysty;Fixed;Etui na telefon;-;https://www.morele.net/fixed-pokrowiec-zelowy-tpu-fixed-story-antiuv-dla-apple-iphone-17-przezroczysty-15853103/;18.00;44.00;44;SALE
2026-09-21 18:14:05;morele.net;Fixed Kabel w oplocie FIXED USB-C / USB-C 2m 100W czarny;Fixed;Kable komputerowe i przejściówki;-;https://www.morele.net/fixed-kabel-w-oplocie-fixed-usb-c-usb-c-2m-100w-czarny-14753036/;41.00;69.00;80.05;SALE
2026-09-21 18:14:07;morele.net;Fixed Pokrowiec żelowy TPU FIXED ReStory dla Apple iPhone 17 Pro Max, czarny;Fixed;Etui na telefon;-;https://www.morele.net/fixed-pokrowiec-zelowy-tpu-fixed-restory-dla-apple-iphone-17-pro-max-czarny-15853094/;18.00;44.00;44;SALE
2026-09-21 18:14:12;morele.net;Fixed Pure Watch dla Apple Watch 46 mm, przezroczysty;Fixed;Akcesoria do smartwatchy;-;https://www.morele.net/fixed-pure-watch-dla-apple-watch-46-mm-przezroczysty-15851132/;18.00;59.00;19;SALE
2026-09-21 18:14:14;morele.net;Wentylator Deepcool FL12 WH 3-pack (R-FL12-WHAPN3-G);Deepcool;Wentylatory komputerowe;-;https://www.morele.net/wentylator-deepcool-fl12-wh-3-pack-r-fl12-whapn3-g-15082643/;172.00;249.00;246.28;SALE
2026-09-21 18:14:18;morele.net;Klawiatura MCHOSE K99 V3 Icy Creamsicle (6941750502175);MCHOSE;Klawiatury gamingowe;-;https://www.morele.net/klawiatura-mchose-k99-v3-icy-creamsicle-6941750502175-600124054/;407.00;499.00;420.20;SALE
2026-09-21 18:14:20;morele.net;Kabel USB Fixed USB-C - USB-C 1.2 m Czarny (FIXDD-CC12-BK);Fixed;Kable USB;-;https://www.morele.net/kabel-usb-fixed-usb-c-usb-c-1-2-m-czarny-fixdd-cc12-bk-15343248/;38.00;89.00;89;SALE
2026-09-21 18:14:23;morele.net;Płyta wolnostojąca Severin SEVERIN DK 1027 podwójna płyta indukcyjna;Severin;Płyty wolnostojące;-;https://www.morele.net/plyta-wolnostojaca-severin-severin-dk-1027-podwojna-plyta-indukcyjna-15900223/;458.99;460.00;459.99;SALE
2026-09-21 18:14:25;morele.net;Fixed Ochronne szkło hartowane pro Xiaomi Pad 7/7Pro, przezroczysty;Fixed;Folie ochronne do tabletów;-;https://www.morele.net/fixed-ochronne-szklo-hartowane-pro-xiaomi-pad-7-7pro-przezroczysty-15849648/;38.00;109.00;39;SALE
2026-09-21 18:14:26;morele.net;Fixed Szkło ochronne dla Xiaomi Redmi Pad SE, przezroczyste;Fixed;Folie ochronne do tabletów;-;https://www.morele.net/fixed-szklo-ochronne-dla-xiaomi-redmi-pad-se-przezroczyste-15849643/;38.00;109.00;39;SALE
2026-09-21 18:14:29;morele.net;Fixed FIXED MagFlow for Apple iPhone 17 Pro, black;Fixed;Etui na telefon;-;https://www.morele.net/fixed-fixed-magflow-for-apple-iphone-17-pro-black-15537894/;46.00;109.00;49;SALE
2026-09-21 18:14:32;morele.net;Fixed Ochraniacz ekranu FIXED PaperFilm Ochraniacz ekranu do Apple iPad Pro 13 (2024/2025)/Air 13(2024/2025);Fixed;Folie ochronne do tabletów;-;https://www.morele.net/fixed-ochraniacz-ekranu-fixed-paperfilm-ochraniacz-ekranu-do-apple-ipad-pro-13-2024-2025-air-13-2024-2025-15851091/;28.00;69.00;29;SALE
2026-09-21 18:14:34;morele.net;Fixed Pokrowiec żelowy TPU FIXED ReStory dla Apple iPhone Air, czarny;Fixed;Etui na telefon;-;https://www.morele.net/fixed-pokrowiec-zelowy-tpu-fixed-restory-dla-apple-iphone-air-czarny-15853091/;18.00;44.00;44;SALE
2026-09-21 18:14:36;morele.net;Fixed Silicone Magnetic Strap for Apple Watch 42/44/45/46/49mm, czarny;Fixed;Akcesoria do smartwatchy;-;https://www.morele.net/fixed-silicone-magnetic-strap-for-apple-watch-42-44-45-46-49mm-czarny-15849712/;38.00;89.00;39;SALE
2026-09-21 18:14:38;morele.net;Fixed Camera Glass do Apple iPhone 17 Pro/Pro Max | Czarne;Fixed;Folie i szkła ochronne do telefonów;-;https://www.morele.net/fixed-camera-glass-do-apple-iphone-17-pro-pro-max-czarne-15800161/;18.00;69.00;19;SALE
2026-09-21 18:14:40;morele.net;Fixed Fixed | Earbuds Case with MagSafe Support | Apple AirPods Pro 2/Pro 2 (USB-C) | Brown | Leather;Fixed;Akcesoria do słuchawek;-;https://www.morele.net/fixed-fixed-earbuds-case-with-magsafe-support-apple-airpods-pro-2-pro-2-usb-c-brown-leather-14197649/;62.00;139.00;69;SALE
2026-09-21 18:14:42;morele.net;Klawiatura Keychron K8 Max QMK Aluminium Frame Keychron Super Red (K8M-J1);Keychron;Klawiatury gamingowe;-;https://www.morele.net/klawiatura-keychron-k8-max-qmk-aluminium-frame-keychron-super-red-k8m-j1-14439456/;489.00;504.42;504.42;SALE
2026-09-21 18:14:45;morele.net;Klawiatura MCHOSE K99 V3 Icy Creamsicle (6941750502144);MCHOSE;Klawiatury gamingowe;-;https://www.morele.net/klawiatura-mchose-k99-v3-icy-creamsicle-6941750502144-600124052/;407.00;499.00;499;SALE
2026-09-21 18:14:49;morele.net;Chłodzenie wodne Deepcool LD360 (R-LD360-BKDMMN-G-1);-;Chłodzenie wodne - zestawy;-;https://www.morele.net/chlodzenie-wodne-deepcool-ld360-r-ld360-bkdmmn-g-1-13214606/;455.00;529.00;;-
2026-09-21 18:14:53;morele.net;Fixed Braided Cable FIXDB-CL12-WH White;Fixed;Kable komputerowe i przejściówki;-;https://www.morele.net/fixed-braided-cable-fixdb-cl12-wh-white-13469152/;38.00;109.00;109;SALE
2026-09-21 18:14:54;morele.net;STALKER M906 BAS (M906MBP-BAS);STALKER;Pozostałe produkty;-;https://www.morele.net/stalker-m906-bas-m906mbp-bas-15702812/;407.99;945.75;945.75;SALE
2026-09-21 18:14:57;morele.net;Bateria Extra Digital Asus C41N1906 (Type A) 4900mAh Advanced;Extra Digital;Baterie do laptopów;-;https://www.morele.net/bateria-extra-digital-asus-c41n1906-type-a-4900mah-advanced-600013521/;155.99;222.54;221.38;SALE
2026-09-21 18:14:59;morele.net;Fixed Czujnik kadencji/prędkości Spin czarny;Fixed;Akcesoria rowerowe;-;https://www.morele.net/fixed-czujnik-kadencji-predkosci-spin-czarny-15852993/;67.00;139.00;69;SALE
2026-09-21 18:15:03;morele.net;Fixed Etui MagFlowz obsługą MagSafe dla Apple iPhone Air różowe;Fixed;Etui na telefon;-;https://www.morele.net/fixed-etui-magflowz-obsluga-magsafe-dla-apple-iphone-air-rozowe-15847147/;46.00;109.00;109;SALE
2026-09-21 18:15:05;morele.net;Fixed Pasek z żywicy Resin Pasek z szybkim zapięciem 20 mm do smartwatcha, Candy Pink;Fixed;Akcesoria do smartwatchy;-;https://www.morele.net/fixed-pasek-z-zywicy-resin-pasek-z-szybkim-zapieciem-20-mm-do-smartwatcha-candy-pink-15851380/;38.00;89.00;39;SALE
2026-09-21 18:15:07;morele.net;Fixed Nylonowy pasek Sporty Strap s Quick Release 18mm pro smartwatch, ciemnoszary;Fixed;Akcesoria do smartwatchy;-;https://www.morele.net/fixed-nylonowy-pasek-sporty-strap-s-quick-release-18mm-pro-smartwatch-ciemnoszary-15853159/;18.00;59.00;19;SALE
2026-09-21 18:15:10;morele.net;Fixed Pokrowiec żelowy TPU FIXED Story AntiUV dla Apple iPhone 17 Pro, przezroczysty;Fixed;Etui na telefon;-;https://www.morele.net/fixed-pokrowiec-zelowy-tpu-fixed-story-antiuv-dla-apple-iphone-17-pro-przezroczysty-15853105/;18.00;44.00;44;SALE
2026-09-21 18:15:11;morele.net;Fixed Back cover | Apple | iPhone 17 Pro Max | Liquid silicon | Czarny | MagFlow;Fixed;Etui na telefon;-;https://www.morele.net/fixed-back-cover-apple-iphone-17-pro-max-liquid-silicon-czarny-magflow-15692051/;46.00;109.00;49;SALE
2026-09-21 18:15:13;morele.net;Fixed Story - Etui do Apple iPhone Air, czarne (FIXST-1601-BK);Fixed;Etui na telefon;-;https://www.morele.net/fixed-story-etui-do-apple-iphone-air-czarne-fixst-1601-bk-15853078/;8.00;19.00;9;SALE
2026-09-21 18:15:16;morele.net;Fixed Etuo Mag Velar z obsługą Magsafe dla Samsung Galaxy S26+ czarne;Fixed;Etui na telefon;-;https://www.morele.net/fixed-etuo-mag-velar-z-obsluga-magsafe-dla-samsung-galaxy-s26-czarne-15875672/;77.00;179.00;179;SALE
2026-09-21 18:15:18;morele.net;Wentylator Deepcool FL14 3-pack (R-FL14-WHAPN3-G);Deepcool;Wentylatory komputerowe;-;https://www.morele.net/wentylator-deepcool-fl14-3-pack-r-fl14-whapn3-g-15706912/;202.00;271.71;275.95;SALE
2026-09-21 18:15:20;morele.net;Pamięć do laptopa G.Skill Ripjaws, SODIMM, DDR3L, 16 GB, 1866 MHz, CL11 (F3-1866C11D-16GRSL);G.Skill;Pamięci do laptopów;-;https://www.morele.net/pamiec-do-laptopa-g-skill-ripjaws-sodimm-ddr3l-16-gb-1866-mhz-cl11-f3-1866c11d-16grsl-1205212/;416.00;999.00;419;SALE
2026-09-21 18:15:22;morele.net;Fixed Ultrathin TPU Gel Cover FIXED Story Slim dla Apple iPhone 17 Pro, 0,6 mm, przezroczysty;Fixed;Etui na telefon;-;https://www.morele.net/fixed-ultrathin-tpu-gel-cover-fixed-story-slim-dla-apple-iphone-17-pro-0-6-mm-przezroczysty-15853109/;24.00;44.00;25.49;SALE
2026-09-21 18:15:24;morele.net;Ładowarka Fixed Frame Wireless Stojak z szybkim ładowaniem bezprzewodowym 15 W Czarny (FIXFR-WRL-BK);Fixed;Ładowarki sieciowe;-;https://www.morele.net/ladowarka-fixed-frame-wireless-stojak-z-szybkim-ladowaniem-bezprzewodowym-15-w-czarny-fixfr-wrl-bk-15709421/;90.00;139.00;99;SALE
2026-09-21 18:15:27;morele.net;Fixed FIXED MagPure Neck dla Apple iPhone 17, czarny;Fixed;Etui na telefon;-;https://www.morele.net/fixed-fixed-magpure-neck-dla-apple-iphone-17-czarny-15851101/;48.00;109.00;109;SALE
2026-09-21 18:15:29;morele.net;Wanna Cersanit (wanny prostokątne) Wanna prostokątna LARGA 150x75 (S301-304);Cersanit;Wanny;-;https://www.morele.net/wanna-cersanit-wanny-prostokatne-wanna-prostokatna-larga-150x75-s301-304-12490732/;727.99;958.99;741.41;SALE
2026-09-21 18:15:32;morele.net;Kenzo Perfumy damskie L´eau par EDT 50 ml;-;Perfumy damskie;-;https://www.morele.net/kenzo-perfumy-damskie-l-eau-par-edt-50-ml-1037284/;62.99;139.99;;-
2026-09-21 18:15:34;morele.net;Giro Kask miejski ESCAPE MIPS INTEGRATED roz. M (55-59 cm) (GR-7141444);Giro;Kaski rowerowe;-;https://www.morele.net/giro-kask-miejski-escape-mips-integrated-roz-m-55-59-cm-gr-7141444-13942909/;364.99;694.99;576.99;SALE
2026-09-21 18:15:36;morele.net;Pintinox PINTINOX Cutlery set 24 pieces Sushi Queen Mahogany PINTINOX®;Pintinox;Sztućce;-;https://www.morele.net/pintinox-pintinox-cutlery-set-24-pieces-sushi-queen-mahogany-pintinox-15996697/;287.99;452.98;441.62;SALE
2026-09-21 18:15:39;morele.net;Bateria kuchenna Quadron Ingrid Q Line SteelQ stojąca miedziana (84818011);Quadron;Baterie kuchenne;-;https://www.morele.net/bateria-kuchenna-quadron-ingrid-q-line-steelq-stojaca-miedziana-84818011-8648302/;289.99;414.01;509.21;SALE
2026-09-21 18:15:42;morele.net;Ajax Czujnik ruchu MotionProtect Curtain (8EU) biały;Ajax;Czujniki;-;https://www.morele.net/ajax-czujnik-ruchu-motionprotect-curtain-8eu-bialy-12594450/;258.99;659.30;430.50;SALE
2026-09-21 18:15:46;morele.net;Campingaz CG Premium Plancha Plate - 2000031424;Campingaz;Akcesoria grillowe;-;https://www.morele.net/campingaz-cg-premium-plancha-plate-2000031424-5828615/;261.99;328.79;328.79;SALE
2026-09-21 18:15:48;morele.net;Juco Młotek ślusarski rączka drewniana 5kg 800mm (12445);Juco;Młotki;-;https://www.morele.net/juco-mlotek-slusarski-raczka-drewniana-5kg-800mm-12445-3098601/;111.99;205.10;140.13;SALE
2026-09-21 18:15:49;morele.net;LIGHT4ME LIGHT4ME LED BAR UV 9 + WHITE listwa belka LED 9x3W ultrafiolet + biały;LIGHT4ME;Oświetlenie i sterylizatory UV;-;https://www.morele.net/light4me-light4me-led-bar-uv-9-white-listwa-belka-led-9x3w-ultrafiolet-bialy-14450966/;78.98;149.97;149.97;SALE
2026-09-21 18:15:52;morele.net;Enero Bramka do piłki nożnej z siatką 180x120x60CM PRO;Enero;Bramki do piłki nożnej;-;https://www.morele.net/enero-bramka-do-pilki-noznej-z-siatka-180x120x60cm-pro-13970597/;185.99;295.90;285.34;SALE
2026-09-21 18:15:54;morele.net;Fixed TPU żelowa osłona FIXED Story AntiUV dla Xiaomi Redmi Note 15 4G/5G/POCO M8 5G, przezroczysta;Fixed;Etui na telefon;-;https://www.morele.net/fixed-tpu-zelowa-oslona-fixed-story-antiuv-dla-xiaomi-redmi-note-15-4g-5g-poco-m8-5g-przezroczysta-15875669/;18.00;44.00;44;SALE
2026-09-21 18:15:57;morele.net;Puma Buty Puma Future 9 Match IT pomarańczowe r. 45;Puma;Buty piłkarskie;-;https://www.morele.net/puma-buty-puma-future-9-match-it-pomaranczowe-r-45-15755300/;104.99;238.56;239.97;SALE
2026-09-21 18:16:01;morele.net;Mufart Okrągły stół ETT do kuchni, jadalni, salonu 80cm - Biały;-;Stoły;-;https://www.morele.net/mufart-okragly-stol-ett-do-kuchni-jadalni-salonu-80cm-bialy-8162042/;97.99;263.21;;-
2026-09-21 18:16:03;morele.net;"Etui Fixed Fixed sleeve 15.6"" czarny";Fixed;Etui do laptopów;-;https://www.morele.net/etui-fixed-fixed-sleeve-15-6-czarny-13812143/;48.00;89.00;49;SALE
2026-09-21 18:16:06;morele.net;"Teva W'S Original Universal Slim, SKNG, 40 (us 9); uk 7";Teva;Sandały sportowe damskie;-;https://www.morele.net/teva-w-s-original-universal-slim-skng-40-us-9-uk-7-15241769/;92.99;212.51;185.99;SALE
2026-09-21 18:16:09;morele.net;Nobo Magnetyczna tablica suchościeralna z czarną drewnianą ramą 585x430 mm biała;Nobo;Tablice informacyjne;-;https://www.morele.net/nobo-magnetyczna-tablica-suchoscieralna-z-czarna-drewniana-rama-585x430-mm-biala-13488897/;44.99;90.00;89.32;SALE
2026-09-21 18:16:11;morele.net;Zebra Taśma 64mm, 74mb woskowo-żywiczna (03200GS06407);Zebra;Drukarki etykiet - eksploatacja;-;https://www.morele.net/zebra-tasma-64mm-74mb-woskowo-zywiczna-03200gs06407-594219/;4.99;18.99;5.99;SALE
2026-09-21 18:16:14;morele.net;Ładowarka Unitek Indukcyjna 1x USB-A 1x USB-C  (P1403A);Unitek;Ładowarki samochodowe;-;https://www.morele.net/ladowarka-unitek-indukcyjna-1x-usb-a-1x-usb-c-p1403a-13099008/;61.99;89.00;62.99;SALE
2026-09-21 18:16:16;morele.net;BambuLab Bambu Dual-Texture PEI – dvipusė magnetinė perdanga – A1 mini serija – Bambu Lab;Bambu Lab;Akcesoria do drukarek;-;https://www.morele.net/bambulab-bambu-dual-texture-pei-dvipus-magnetin-perdanga-a1-mini-serija-bambu-lab-14748473/;72.98;160.99;86.99;SALE
2026-09-21 18:16:19;morele.net;Qoltec Ładowarka Super FAST PD for Raspberry PI 5 | USB-C | 27W | 5-12V | 1.8-5A | Czarna;Qoltec;Raspberry Pi - akcesoria;-;https://www.morele.net/qoltec-ladowarka-super-fast-pd-for-raspberry-pi-5-usb-c-27w-5-12v-1-8-5a-czarna-14222065/;39.99;68.12;52.14;SALE
2026-09-21 18:16:21;morele.net;Kabel USB Baseus USB-C - USB-C 1 m Czarny (P10376800121-00);Baseus;Kable USB;-;https://www.morele.net/kabel-usb-baseus-usb-c-usb-c-1-m-czarny-p10376800121-00-15912168/;53.99;79.35;80.60;SALE
2026-09-21 18:16:23;morele.net;HMS Stojak wielofunkcyjny PWS08;HMS;Stojaki na siłownie;-;https://www.morele.net/hms-stojak-wielofunkcyjny-pws08-11355913/;719.00;780.00;733.28;SALE
2026-09-21 18:16:25;morele.net;Coleman Namiot ogrodowy EVENT SHELTER SUNWALL L;Coleman;Pawilony i namioty ogrodowe;-;https://www.morele.net/coleman-namiot-ogrodowy-event-shelter-sunwall-l-11237970/;159.00;223.38;193.61;SALE
2026-09-21 18:16:27;morele.net;Etui na tablet Tucano ALUNNO etui na tablet żółty;Tucano;Etui na tablety;-;https://www.morele.net/etui-na-tablet-tucano-alunno-etui-na-tablet-zolty-14980840/;160.97;169.25;160.97;SALE
2026-09-21 18:16:29;morele.net;Apple Opaska Braided Solo Loop Apple Watch 44/45/46/49MM Abyss Blue (ML6J3ZM/A);Apple;Akcesoria do smartwatchy;-;https://www.morele.net/apple-opaska-braided-solo-loop-apple-watch-44-45-46-49mm-abyss-blue-ml6j3zm-a-600162195/;33.99;59.14;59.14;SALE
2026-09-21 18:16:32;morele.net;3DSimo Filament ABS zielony (G3D3005);3DSimo;Wkłady i akcesoria do długopisów 3D;-;https://www.morele.net/3dsimo-filament-abs-zielony-g3d3005-5762192/;12.99;38.70;38.70;SALE
2026-09-21 18:16:34;morele.net;Patelnia Petromax Żeliwna 20cm ;Petromax;Patelnie;-;https://www.morele.net/patelnia-petromax-zeliwna-20cm-14429626/;78.98;158.55;131;SALE
2026-09-21 18:16:36;morele.net;Czajnik KitchenAid Artisan 5KEK1522EPT Zielony;KitchenAid;Czajniki elektryczne;-;https://www.morele.net/czajnik-kitchenaid-artisan-5kek1522ept-zielony-15326948/;729.99;757.70;695.39;SALE
2026-09-21 18:16:38;morele.net;Royal Catering Szklanica barmańska;Royal Catering;Wyposażenie gastronomii;-;https://www.morele.net/royal-catering-szklanica-barmanska-14952233/;48.99;101.60;72.99;SALE
2026-09-21 18:16:40;morele.net;NAVA IRON Brytfanna 33 x 22 cm;NAVA;Naczynia żaroodporne;-;https://www.morele.net/nava-iron-brytfanna-33-x-22-cm-14952966/;63.99;99.11;99.11;SALE
2026-09-21 18:16:43;morele.net;Mikrofon Yamaha YVC1000 dodatkowy (CYVCMIC1000EX);Yamaha;Mikrofony;-;https://www.morele.net/mikrofon-yamaha-yvc1000-dodatkowy-cyvcmic1000ex-15012743/;1408.99;1594.85;1535.08;SALE
2026-09-21 18:16:45;morele.net;"Trixie Buda Classic o plaskim dachu ""Natura"" 116 × 82 × 79 cm";Trixie;Budy dla psa;-;https://www.morele.net/trixie-buda-classic-o-plaskim-dachu-natura-116-82-79-cm-1151191/;529.99;606.94;546.99;SALE
2026-09-21 18:16:48;morele.net;Hager Przełącznik w układzie przełącznym I-0-II 3P 40A (HIM304);Hager;Wyłączniki i rozłączniki;-;https://www.morele.net/hager-przelacznik-w-ukladzie-przelacznym-i-0-ii-3p-40a-him304-3382726/;482.99;518.81;518.81;SALE
2026-09-21 18:16:51;morele.net;Leobert Krzesło LAGO ekoskóra - szare x 2;-;Krzesła;-;https://www.morele.net/leobert-krzeslo-lago-ekoskora-szare-x-2-13724787/;91.99;195.89;;-
2026-09-21 18:16:53;morele.net;GrizzGlass Folia matowa CarDisplay Protection do Skoda Kodiaq 2 10” 2024;GrizzGlass;Pozostałe produkty;-;https://www.morele.net/grizzglass-folia-matowa-cardisplay-protection-do-skoda-kodiaq-2-10-2024-15389757/;91.99;321.96;92.99;SALE
2026-09-21 18:16:55;morele.net;Leobert Hoker ARCETO - ciemny szary aksamit / nogi czarne x 2;Leobert;Hokery;-;https://www.morele.net/leobert-hoker-arceto-ciemny-szary-aksamit-nogi-czarne-x-2-14122822/;159.99;275.38;248.99;SALE
2026-09-21 18:16:57;morele.net;Nike Kąpielówki Logo NESSD646 001;Nike;Odzież do sportów wodnych;-;https://www.morele.net/nike-kapielowki-logo-nessd646-001-13295523/;55.99;130.17;88.99;SALE
2026-09-21 18:16:59;morele.net;Cn Spoke Szprychy STD14 2.0-2.0-2.0 stal nierdzewna 270mm czarne + nyple 144szt.;Cn Spoke;Części rowerowe;-;https://www.morele.net/cn-spoke-szprychy-std14-2-0-2-0-2-0-stal-nierdzewna-270mm-czarne-nyple-144szt-1246563/;60.99;231.19;111.99;SALE
2026-09-21 18:17:01;morele.net;Wiertło Dewalt do metalu HSS walcowe 4,5mm 10szt. (H1-DT5545);Dewalt;Wiertła;-;https://www.morele.net/wiertlo-dewalt-do-metalu-hss-walcowe-4-5mm-10szt-h1-dt5545-3029369/;50.99;125.30;97.32;SALE
2026-09-21 18:17:07;morele.net;Dywaniki gumowe do Honda Jazz IV;NoName;Dywaniki samochodowe;-;https://www.morele.net/dywaniki-gumowe-do-honda-jazz-iv-15558514/;42.99;162.21;66.99;SALE
2026-09-21 18:17:09;morele.net;Schneider Electric Regulator czasowy 1Z/ 1R 24V DC/ 24- 240V AC (RE17RLMU);Schneider Electric;Przekaźniki;-;https://www.morele.net/schneider-electric-regulator-czasowy-1z-1r-24v-dc-24-240v-ac-re17rlmu-3397459/;130.99;187.35;149.51;SALE
2026-09-21 18:17:12;morele.net;Creality CFS BOTTOM BRACKET;Creality;Części rowerowe;-;https://www.morele.net/creality-cfs-bottom-bracket-15868328/;64.98;130.58;97.99;SALE
2026-09-21 18:17:14;morele.net;Epee Airbrush Plush - Koala (1273) /Arts and Crafts;Epee;Zabawki kreatywne;-;https://www.morele.net/epee-airbrush-plush-koala-1273-arts-and-crafts-13798005/;68.98;112.99;112.99;SALE
2026-09-21 18:17:15;morele.net;Gotel K101H GOTEL ZESTAW DO MALOWANIA 144 EL;Gotel;Zabawki kreatywne;-;https://www.morele.net/gotel-k101h-gotel-zestaw-do-malowania-144-el-14428400/;68.98;100.21;100.21;SALE
2026-09-21 18:17:17;morele.net;Adidas adidas Entrada 22 Presentation Pants H57533 Czarne S;Adidas;Spodnie sportowe męskie;-;https://www.morele.net/adidas-adidas-entrada-22-presentation-pants-h57533-czarne-s-10183652/;62.99;108.86;89;SALE
2026-09-21 18:17:19;morele.net;Kontakt-Simon Łącznik żaluzjowy Simon 54 trójpozycyjny podwójny 10A 250V antracyt (DZW2.01/48);Kontakt-Simon;Przyciski i łączniki;-;https://www.morele.net/kontakt-simon-lacznik-zaluzjowy-simon-54-trojpozycyjny-podwojny-10a-250v-antracyt-dzw2-01-48-3331703/;32.99;69.40;65.92;SALE
2026-09-21 18:17:22;morele.net;Worek do odkurzacza KM FILTER A24/MICRO AEG GR 28 4+1;KM;Worki do odkurzaczy;-;https://www.morele.net/worek-do-odkurzacza-km-filter-a24-micro-aeg-gr-28-4-1-15089481/;4.99;19.54;8;SALE
2026-09-21 18:17:24;morele.net;Attitude Płyn do mycia owoców i warzyw 800 ml;Attitude;Środki czystości;-;https://www.morele.net/attitude-plyn-do-mycia-owocow-i-warzyw-800-ml-11049212/;23.99;41.00;27.99;SALE
2026-09-21 18:17:28;morele.net;Clinex Płyn Clinex shine steel 5L.77500;Clinex;Środki czystości;-;https://www.morele.net/clinex-plyn-clinex-shine-steel-5l-77500-4666043/;145.99;208.26;208.99;SALE
2026-09-21 18:17:31;morele.net;"Torba NEXT ONE NEXT ONE Etui SafeGuard MacBook Pro 14"" fog transparent";NEXT ONE;Etui do laptopów;-;https://www.morele.net/torba-next-one-next-one-etui-safeguard-macbook-pro-14-fog-transparent-14178287/;138.99;140.00;140;SALE
2026-09-21 18:17:34;morele.net;iHealth ALD-602 Nakłuwacz;iHealth;Urządzenia zdrowotne;-;https://www.morele.net/ihealth-ald-602-nakluwacz-6431535/;10.99;37.80;23.79;SALE
2026-09-21 18:17:36;morele.net;Tołpa TOŁPA Clinical Boost Retinal light 0,05% Serum do twarzy 30 ml;Tołpa;Serum do twarzy;-;https://www.morele.net/tolpa-tolpa-clinical-boost-retinal-light-0-05-serum-do-twarzy-30-ml-14190001/;19.98;54.21;29.99;SALE
2026-09-21 18:17:38;morele.net;Skakanka sportowa Martes Veby 275 cm;Martes;Skakanki;-;https://www.morele.net/skakanka-sportowa-martes-veby-275-cm-8567202/;11.99;26.70;17.99;SALE
2026-09-21 18:17:41;morele.net;Obudowa Havn BF 360 Flow Biały (HVN-CA-BF360-03);Havn;Obudowy;-;https://www.morele.net/obudowa-havn-bf-360-flow-bialy-hvn-ca-bf360-03-15591751/;765.99;806.63;800.56;SALE
2026-09-21 18:17:43;morele.net;Radio Roberts Radio Revival Mini 2 Midnight Blue;NoName;Radia;-;https://www.morele.net/radio-roberts-radio-revival-mini-2-midnight-blue-15661688/;907.99;934.87;934.87;SALE
2026-09-21 18:17:47;morele.net;Dysk serwerowy Dell 600GB 2.5'' SAS-3 (12Gb/s)  (400-AJPP);-;Dyski do serwerów;-;https://www.morele.net/dysk-serwerowy-dell-600gb-2-5-sas-3-12gb-s-400-ajpp-5772267/;712.73;804.86;;-
2026-09-21 18:17:49;morele.net;Powerbank Teltech TPM-05 5000mAh Biały ;Teltech;Powerbanki;-;https://www.morele.net/powerbank-teltech-tpm-05-5000mah-bialy-600111272/;27.99;46.81;39;SALE
2026-09-21 18:17:52;morele.net;Linka zabezpieczająca Dell Clicksafe Combination Lock 1.8 m  (461-AAEU);Dell;Linki zabezpieczające;-;https://www.morele.net/linka-zabezpieczajaca-dell-clicksafe-combination-lock-1-8-m-461-aaeu-4899304/;208.19;270.92;277.92;SALE
2026-09-21 18:17:54;morele.net;Napęd Dell DELL DVD+/-RW 8 12.7T PLD XLOB, 23HW6;Dell;Napędy optyczne;-;https://www.morele.net/naped-dell-dell-dvd-rw-8-12-7t-pld-xlob-23hw6-15793587/;145.99;277.86;194.99;SALE
2026-09-21 18:17:56;morele.net;Etui na tablet Fixed FIXED Topic Tab do Xiaomi Pad 7/7 Pro czarny;Fixed;Etui na tablety;-;https://www.morele.net/etui-na-tablet-fixed-fixed-topic-tab-do-xiaomi-pad-7-7-pro-czarny-15303654/;42.99;89.00;92.98;SALE
2026-09-21 18:17:59;morele.net;"Etui na tablet Pomologic Pomologic BookCase - obudowa ochronna do iPad 10.9"" 10G (grey)";Pomologic;Etui na tablety;-;https://www.morele.net/etui-na-tablet-pomologic-pomologic-bookcase-obudowa-ochronna-do-ipad-10-9-10g-grey-13887672/;74.98;136.39;136.27;SALE
2026-09-21 18:18:03;morele.net;Fixed Adapter podróżny EU, US, AUS do gniazdek UK biały;-;Adaptery podróżne;-;https://www.morele.net/fixed-adapter-podrozny-eu-us-aus-do-gniazdek-uk-bialy-15818546/;19.98;39.00;;-
2026-09-21 18:18:05;morele.net;Adapter bluetooth Vention CDSW0 5.0 Biały;Vention;Adaptery Bluetooth;-;https://www.morele.net/adapter-bluetooth-vention-cdsw0-5-0-bialy-13832306/;11.99;33.72;28.63;SALE
2026-09-21 18:18:09;morele.net;Powerbank Vention 20000mAh Beżowy ;Vention;Powerbanki;-;https://www.morele.net/powerbank-vention-20000mah-bezowy-15542567/;59.99;111.81;111.81;SALE
2026-09-21 18:18:11;morele.net;Talens Van Gogh Oil & Acrylic Brush Series 304 No. 14;Talens;Pędzelki i kubeczki do farb;-;https://www.morele.net/talens-van-gogh-oil-acrylic-brush-series-304-no-14-13956361/;9.99;35.53;21;SALE
2026-09-21 18:18:14;morele.net;Wanna Cersanit Zen prostokątna 180 x 85cm (S301-129);Cersanit;Wanny;-;https://www.morele.net/wanna-cersanit-zen-prostokatna-180-x-85cm-s301-129-3075597/;579.99;1180.80;894.98;SALE
2026-09-21 18:18:16;morele.net;Bell Kask BELL Super Air Mips Spherical M(55-59 cm) BEL-7113776;Bell;Kaski rowerowe;-;https://www.morele.net/bell-kask-bell-super-air-mips-spherical-m-55-59-cm-bel-7113776-15342277/;634.99;767.83;692.99;SALE
2026-09-21 18:18:18;morele.net;NAC Nożyce elektryczne HE75-CH 61 cm;NAC;Nożyce do żywopłotu;-;https://www.morele.net/nac-nozyce-elektryczne-he75-ch-61-cm-3171429/;234.22;268.24;243.75;SALE
2026-09-21 18:18:20;morele.net;Klucz udarowy Neo Tools 450W 350 Nm (04-719);Neo Tools;Klucze udarowe i pneumatyczne;-;https://www.morele.net/klucz-udarowy-neo-tools-450w-350-nm-04-719-14237643/;193.05;210.69;210.69;SALE
2026-09-21 18:18:23;morele.net;Irwin Nóż trapezowy z wysuwanym ostrzem - 10505822;Irwin;Narzędzia tnące i skrawające;-;https://www.morele.net/irwin-noz-trapezowy-z-wysuwanym-ostrzem-10505822-3073457/;32.10;39.99;34.33;SALE
2026-09-21 18:18:25;morele.net;Simagic Conspit Ares Direct Drive Wheelbase 12Nm (CP101);Simagic;Akcesoria do konsol i gamepadów;-;https://www.morele.net/simagic-conspit-ares-direct-drive-wheelbase-12nm-cp101-15595206/;2596.02;2726.85;2726.85;SALE
2026-09-21 18:18:27;morele.net;Hot Wheels Mega transporter 50-rocznica (GHR48);Hot Wheels;Samochody i pojazdy;-;https://www.morele.net/hot-wheels-mega-transporter-50-rocznica-ghr48-4144805/;78.30;91.62;98.12;SALE
2026-09-21 18:18:33;morele.net;Epee BIŻUBIŻU - Zestaw Studio Biżuterii Deluxe;Epee;Zabawki kreatywne;-;https://www.morele.net/epee-bizubizu-zestaw-studio-bizuterii-deluxe-13094340/;68.59;174.61;70;SALE
2026-09-21 18:18:35;morele.net;Smart Laser krzyżowy SM-06-02015R czerwony 15 m ;Smart;Lasery budowlane;-;https://www.morele.net/smart-laser-krzyzowy-sm-06-02015r-czerwony-15-m-7250840/;102.89;139.40;139.40;SALE
2026-09-21 18:18:37;morele.net;Toner OKI 44318606 Magenta Oryginał  (44318606);OKI;Tonery do drukarek;-;https://www.morele.net/toner-oki-44318606-magenta-oryginal-44318606-319889/;717.97;1214.35;867.19;SALE
2026-09-21 18:18:40;morele.net;Rockland Zestaw naczyń turystycznych Travel Duo Anodized (240);Rockland;Menażki i naczynia turystyczne;-;https://www.morele.net/rockland-zestaw-naczyn-turystycznych-travel-duo-anodized-240-1337749/;61.79;89.38;89.38;SALE
2026-09-21 18:18:43;morele.net;Irwin Szczypce nastawne do rur 300mm 10507629;Irwin;Narzędzia hydrauliczne;-;https://www.morele.net/irwin-szczypce-nastawne-do-rur-300mm-10507629-3067430/;122.50;150.96;147.99;SALE
2026-09-21 18:18:45;morele.net;Gigantosaurus (Gigantozaur): Dino Kart Nintendo Switch;Namco Bandai Games;Gry na Nintendo;-;https://www.morele.net/gigantosaurus-gigantozaur-dino-kart-nintendo-switch-12207927/;58.79;175.99;59.99;SALE
2026-09-21 18:18:47;morele.net;Fisher Price Lama Rośnij ze mną 3w1 (GHJ03);Fisher Price;Zabawki dla niemowląt;-;https://www.morele.net/fisher-price-lama-rosnij-ze-mna-3w1-ghj03-7758649/;104.86;114.98;123.55;SALE
2026-09-21 18:18:50;morele.net;MGA Gross-a-Saurus Flying Style 1;MGA;Zabawki interaktywne;-;https://www.morele.net/mga-gross-a-saurus-flying-style-1-14174631/;48.02;132.18;132.18;SALE
2026-09-21 18:18:54;morele.net;Ładowarka Native Union Rise 3-in-1 Qi2 Bezprzewodowa MagSafe 15W (RS-3IN1-SAN);Native Union;Ładowarki sieciowe;-;https://www.morele.net/ladowarka-native-union-rise-3-in-1-qi2-bezprzewodowa-magsafe-15w-rs-3in1-san-14797953/;351.82;358.64;379.58;SALE
2026-09-21 18:18:56;morele.net;Topex Siekiera uniwersalna z tworzywa sztucznego 1kg 44.5cm (05A203);Topex;Siekiery;-;https://www.morele.net/topex-siekiera-uniwersalna-z-tworzywa-sztucznego-1kg-44-5cm-05a203-3092928/;40.22;45.94;45.94;SALE
2026-09-21 18:18:58;morele.net;Vivitek NovoConnect B360;Vivitek;Akcesoria do projektorów;-;https://www.morele.net/vivitek-novoconnect-b360-716898/;289.61;1188.99;295.52;SALE
2026-09-21 18:19:00;morele.net;Buty trekkingowe męskie CMP Rigel Mid Trekking Shoe Wp Asphalt/Syrah r. 44 (3Q12947-62BN);CMP;Buty trekkingowe męskie;-;https://www.morele.net/buty-trekkingowe-meskie-cmp-rigel-mid-trekking-shoe-wp-asphalt-syrah-r-44-3q12947-62bn-4718594/;263.23;361.34;309;SALE
2026-09-21 18:19:02;morele.net;Kalendarz adwentowy Funko Pop Harry Potter;Funko Pop;Kalendarze adwentowe;-;https://www.morele.net/kalendarz-adwentowy-funko-pop-harry-potter-11811903/;241.80;274.54;267.68;SALE
2026-09-21 18:19:05;morele.net;Eno System zawieszenia Helios XL Grey;Eno;Akcesoria do hamaków;-;https://www.morele.net/eno-system-zawieszenia-helios-xl-grey-6639368/;203.88;207.50;208.25;SALE
2026-09-21 18:19:06;morele.net;Wolfcraft Zestaw bitów MICRO 32szt (1389000);Wolfcraft;Bity i końcówki do wkrętarek;-;https://www.morele.net/wolfcraft-zestaw-bitow-micro-32szt-1389000-4201022/;84.18;104.51;113.12;SALE
2026-09-21 18:19:09;morele.net;Bic DLUGOPIS AUT 3KOL OLOWEK BC B/C;Bic;Długopisy, cienkopisy, pióra;-;https://www.morele.net/bic-dlugopis-aut-3kol-olowek-bc-b-c-7006805/;17.28;27.02;24.87;SALE
2026-09-21 18:19:11;morele.net;Epee Gumimalsy niebieski;Epee;Zabawki interaktywne;-;https://www.morele.net/epee-gumimalsy-niebieski-13094330/;68.59;87.23;87.22;SALE
2026-09-21 18:19:13;morele.net;LAPP Pokrywa ochronna do obudowy EPIC H-A 3 MDBF-B (10513100);LAPP;Złącza wtykowe;-;https://www.morele.net/lapp-pokrywa-ochronna-do-obudowy-epic-h-a-3-mdbf-b-10513100-3388888/;25.90;26.72;26.43;SALE
2026-09-21 18:19:16;morele.net;Adapter USB Delock USB-C - DisplayPort Czarny  (63312);Delock;Adaptery USB;-;https://www.morele.net/adapter-usb-delock-usb-c-displayport-czarny-63312-4937978/;109.28;156.41;104.14;SALE
2026-09-21 18:19:18;morele.net;GREENLUX Oczko halogenowe AXL MR16 GU5,3 50W aluminium (GXPA003);GREENLUX;Lampy wpuszczane;-;https://www.morele.net/greenlux-oczko-halogenowe-axl-mr16-gu5-3-50w-aluminium-gxpa003-3380120/;33.36;37.99;34.05;SALE
2026-09-21 18:19:23;morele.net;Spigen Liquid Armor Air Apple iPhone 7;-;Etui na telefon;-;https://www.morele.net/spigen-liquid-armor-air-apple-iphone-7-1119434/;46.06;54.75;;-
2026-09-21 18:19:26;morele.net;Osram Główka bezpiecznikowa E18 D02 63A porcelanowa (LE18SK);Osram;Rozłączniki i podstawy bezpiecznikowe;-;https://www.morele.net/osram-glowka-bezpiecznikowa-e18-d02-63a-porcelanowa-le18sk-3170701/;4.91;6.74;7.47;SALE
2026-09-21 18:19:38;morele.net;Globalo Filtr węglowy CSC 309;-;Akcesoria do okapów kuchennych;-;https://www.morele.net/globalo-filtr-weglowy-csc-309-639471/;77.42;92.99;;-
2026-09-21 18:19:49;morele.net;Suszarka Aurora AU3031 ;Aurora;Suszarki do włosów;-;https://www.morele.net/suszarka-aurora-au3031-14479793/;64.40;111.00;85.15;SALE
2026-09-21 18:19:52;morele.net;Playmobil Edwina - Music World (70584);Playmobil;Klocki;-;https://www.morele.net/playmobil-edwina-music-world-70584-7835984/;19.59;61.99;48.99;SALE
2026-09-21 18:19:54;morele.net;"Pro-Line Nasadka udarowa 6-kątna 3/4"" 33mm 18933)";Pro-Line;Nasadki;-;https://www.morele.net/pro-line-nasadka-udarowa-6-katna-3-4-33mm-18933-3088558/;52.81;57.16;60.58;SALE
2026-09-21 18:19:56;morele.net;Nike Koszulka Termoaktywna Juniorska First Layer AV2611-657 XS;Nike;Bielizna termoaktywna dla dzieci;-;https://www.morele.net/nike-koszulka-termoaktywna-juniorska-first-layer-av2611-657-xs-6722824/;47.04;87.70;74.93;SALE
2026-09-21 18:19:58;morele.net;PremiumCord PREMIUMCORD Patch kabel CAT6a S-FTP, RJ45-RJ45, AWG 26/7 1,5m czarny;PremiumCord;Kable teleinformatyczne;-;https://www.morele.net/premiumcord-premiumcord-patch-kabel-cat6a-s-ftp-rj45-rj45-awg-26-7-1-5m-czarny-8936333/;20.22;29.53;20.86;SALE
2026-09-21 18:20:01;morele.net;Albi Gra planszowa 50 Clues - seria II - Tajemnica listka cz.2;Albi;Gry planszowe;-;https://www.morele.net/albi-gra-planszowa-50-clues-seria-ii-tajemnica-listka-cz-2-12551057/;33.31;50.39;83.55;SALE
2026-09-21 18:20:03;morele.net;Zasilacz do laptopa Qoltec 30 W, 2.5 mm, 1.6 A, 19 V (51513.30W);Qoltec;Zasilacze do laptopów;-;https://www.morele.net/zasilacz-do-laptopa-qoltec-30-w-2-5-mm-1-6-a-19-v-51513-30w-1113177/;27.98;36.72;68.01;SALE
2026-09-21 18:20:06;morele.net;Antra Wkład do organizera A5 Plan spotkań (270047);Antra;Organizery i wkłady;-;https://www.morele.net/antra-wklad-do-organizera-a5-plan-spotkan-270047-1771657/;8.18;8.95;9.19;SALE
2026-09-21 18:20:08;morele.net;Digitus SC Multimode Duplex OM3 - 2.0M-DK-2512-02/3;Digitus;Kable teleinformatyczne;-;https://www.morele.net/digitus-sc-multimode-duplex-om3-2-0m-dk-2512-02-3-798763/;22.17;37.23;26.78;SALE
2026-09-21 18:20:11;morele.net;Kuźnia Sułkowice Klucz płasko-oczkowy 17mm (1-121-17-211);Kuźnia Sułkowice;Klucze płasko-oczkowe;-;https://www.morele.net/kuznia-sulkowice-klucz-plasko-oczkowy-17mm-1-121-17-211-3070957/;19.79;25.99;27.22;SALE
2026-09-21 18:20:13;morele.net;inSPORTline Zacisk sprężynowy olimpijski CL-06 - 912;inSPORTline;Gryfy i zaciski;-;https://www.morele.net/insportline-zacisk-sprezynowy-olimpijski-cl-06-912-1366202/;17.54;31.68;17.90;SALE
2026-09-21 18:20:16;morele.net;Hager Główka bezpiecznikowa D02 z tworzywa K02/P D02/E18 (LE18SIP);Hager;Rozłączniki i podstawy bezpiecznikowe;-;https://www.morele.net/hager-glowka-bezpiecznikowa-d02-z-tworzywa-k02-p-d02-e18-le18sip-4658995/;7.18;7.95;7.33;SALE
2026-09-21 18:20:19;morele.net;"3mk Matt Case iPhone 13 Mini 5,4"" limonka/lime";NoName;Etui na telefon;-;https://www.morele.net/3mk-matt-case-iphone-13-mini-5-4-limonka-lime-9673474/;9.80;18.36;16.53;SALE
2026-09-21 18:20:21;morele.net;Hager Klawisz do przycisków pojedynczych biały połysk (5316208999);Hager;Klawisze do przycisków i łączników;-;https://www.morele.net/hager-klawisz-do-przyciskow-pojedynczych-bialy-polysk-5316208999-3181987/;6.27;9.99;11.28;SALE
2026-09-21 18:20:23;morele.net;Weidmuller Złączka WDU 2.5 (1020000000);Weidmuller;Złączki szynowe i listwy pomiarowe;-;https://www.morele.net/weidmuller-zlaczka-wdu-2-5-1020000000-3363255/;2.47;4.99;5.14;SALE
2026-09-21 18:20:26;morele.net;Orbitrek HMS magnetyczny H1742;HMS;Orbitreki;-;https://www.morele.net/orbitrek-hms-magnetyczny-h1742-1549267/;3551.99;3859.88;3894.18;SALE
2026-09-21 18:20:29;morele.net;Spigen Szkło hartowane na aparat Spigen Optik.tr ez Fit Camera Protector Apple iPhone 14/14 Plus Black [2 PACK];Spigen;Folie i szkła ochronne do telefonów;-;https://www.morele.net/spigen-szklo-hartowane-na-aparat-spigen-optik-tr-ez-fit-camera-protector-apple-iphone-14-14-plus-black-2-pack-11855828/;30.99;64.12;70.34;SALE
2026-09-21 18:20:31;morele.net;Słuchawki Hator Hypergang 3 Czarne (ESH05);Hator;Słuchawki gamingowe;-;https://www.morele.net/sluchawki-hator-hypergang-3-czarne-esh05-15277743/;119.00;149.99;149.99;SALE
2026-09-21 18:20:33;morele.net;Fujitsu Fujitsu FUJITSU PLAN EP X710-T2L 2x10GBASE-T PCIE;Fujitsu;Sieci - komponenty;-;https://www.morele.net/fujitsu-fujitsu-fujitsu-plan-ep-x710-t2l-2x10gbase-t-pcie-10169295/;831.99;2563.21;1473.59;SALE
2026-09-21 18:20:35;morele.net;Biurko Techly Brązowe 70 cm x 50 cm;Techly;Biurka;-;https://www.morele.net/biurko-techly-brazowe-70-cm-x-50-cm-6960467/;286.99;355.10;348.61;SALE
2026-09-21 18:20:38;morele.net;Marioinex Klocki waffle mini Blocks 302el 08211;Marioinex;Klocki konstrukcyjne;-;https://www.morele.net/marioinex-klocki-waffle-mini-blocks-302el-08211-15761994/;125.00;139.66;141.78;SALE
2026-09-21 18:20:40;morele.net;Fixed Camera Glass do Samsung Galaxy A16 4G/5G, srebrne;Fixed;Folie i szkła ochronne do telefonów;-;https://www.morele.net/fixed-camera-glass-do-samsung-galaxy-a16-4g-5g-srebrne-15906680/;5.99;19.00;19;SALE
2026-09-21 18:20:43;morele.net;StarTech StarTech.com 2U Sliding Server Rack Mount Shelf - 20 to 30in Adjustable Mounting Depth - Vented - 50lb - Heavy Duty Universal 19” Rack Shelf for Equipment Rack - 24in Deep, Adjustable shelf, Black, Steel, 22.7 kg, 2U, EIA RS310-C;StarTech;Akcesoria do szaf Rack;-;https://www.morele.net/startech-startech-com-2u-sliding-server-rack-mount-shelf-20-to-30in-adjustable-mounting-depth-vented-50lb-heavy-duty-universal-19-rack-shelf-for-equipment-rack-24in-deep-adjustable-shelf-black-steel-22-7-kg-2u-eia-rs310-c-13798929/;516.00;842.99;616.38;SALE
2026-09-21 18:20:47;morele.net;Kabel Lindy DisplayPort - HDMI 2m czarny (41717);Lindy;Kable AV;-;https://www.morele.net/kabel-lindy-displayport-hdmi-2m-czarny-41717-1076441/;228.99;285.46;295.88;SALE
2026-09-21 18:20:56;morele.net;"Manhattan Uchwyt ścienny do TV 43-100"" LED/LCD 70kg slim 29mm";Manhattan;Uchwyty do telewizorów;-;https://www.morele.net/manhattan-uchwyt-scienny-do-tv-43-100-led-lcd-70kg-slim-29mm-14054533/;82.99;219.10;101.20;SALE
2026-09-21 18:20:58;morele.net;Zegarek Paul Lorens Zegarek - DIVALI- PL20006A-6A3;Paul Lorens;Zegarki;-;https://www.morele.net/zegarek-paul-lorens-zegarek-divali-pl20006a-6a3-14737275/;66.98;104.41;104.41;SALE
2026-09-21 18:21:00;morele.net;Szkło hartowane do Xiaomi 17 Ultra, 2ks, przezroczyste;NoName;Folie i szkła ochronne do telefonów;-;https://www.morele.net/szklo-hartowane-do-xiaomi-17-ultra-2ks-przezroczyste-15914409/;13.99;35.62;30.92;SALE
2026-09-21 18:21:03;morele.net;MyScreen Protector Szkło hartowane do Samsung Galaxy S25 Ultra MyScreen DIAMOND GLASS edge;MyScreen Protector;Folie i szkła ochronne do telefonów;-;https://www.morele.net/myscreen-protector-szklo-hartowane-do-samsung-galaxy-s25-ultra-myscreen-diamond-glass-edge-14433325/;13.99;49.51;25.99;SALE
2026-09-21 18:21:05;morele.net;3mk Etui Matt Case Samsung Galaxy A24 4G czarny/black;3mk;Etui na telefon;-;https://www.morele.net/3mk-etui-matt-case-samsung-galaxy-a24-4g-czarny-black-12814881/;2.99;24.94;8.99;SALE
2026-09-21 18:21:08;morele.net;GrizzGlass Szkło prywatyzujące GrizzGlass SecretGlass OPPO Reno6 5G;GrizzGlass;Folie i szkła ochronne do telefonów;-;https://www.morele.net/grizzglass-szklo-prywatyzujace-grizzglass-secretglass-oppo-reno6-5g-13051733/;18.04;33.06;33.06;SALE
2026-09-21 18:21:10;morele.net;"Szafa ExtraLink Wisząca 19"" 6U (EX.12936)";ExtraLink;Szafy Rack;-;https://www.morele.net/szafa-extralink-wiszaca-19-6u-ex-12936-6765940/;242.24;318.96;318.96;SALE
2026-09-21 18:21:12;morele.net;Moduł SFP Cisco Moduł optyczny SFP MonoModo SFP-25G-SR-S=;Cisco;Moduły SFP;-;https://www.morele.net/modul-sfp-cisco-modul-optyczny-sfp-monomodo-sfp-25g-sr-s-11289352/;1287.24;1906.32;1423.38;SALE
2026-09-21 18:21:15;morele.net;Toner Prism PRISM HP Toner nr 415X W2033X Mag 6k 100% New, with chip A;Prism;Tonery do drukarek;-;https://www.morele.net/toner-prism-prism-hp-toner-nr-415x-w2033x-mag-6k-100-new-with-chip-a-15380100/;59.84;97.64;74.86;SALE
2026-09-21 18:21:18;morele.net;GrizzGlass Folia hydrożelowa GrizzGlass Hydrofilm do POCO X5 Pro;GrizzGlass;Folie i szkła ochronne do telefonów;-;https://www.morele.net/grizzglass-folia-hydrozelowa-grizzglass-hydrofilm-do-poco-x5-pro-13495216/;5.69;15.08;6.99;SALE
2026-09-21 18:21:23;morele.net;Beline Beline pasek Apple Watch New Sport Silicone 42/44/45/49mm czarno-żółty black/yellow box;-;Akcesoria do smartwatchy;-;https://www.morele.net/beline-beline-pasek-apple-watch-new-sport-silicone-42-44-45-49mm-czarno-zolty-black-yellow-box-13321150/;11.39;26.00;;-
2026-09-21 18:21:35;morele.net;Kabel Ugreen HDMI - HDMI 3m czarny (Ugreen);Ugreen;Kable AV;-;https://www.morele.net/kabel-ugreen-hdmi-hdmi-3m-czarny-ugreen-8348528/;21.99;29.99;30.22;SALE
2026-09-21 18:21:38;morele.net;"InLine Uchwyt ścienny na monitor 27"" dwuczęściowe ramię (23105D)";InLine;Uchwyty do monitorów;-;https://www.morele.net/inline-uchwyt-scienny-na-monitor-27-dwuczesciowe-ramie-23105d-14070300/;112.99;165.25;141.40;SALE
2026-09-21 18:21:40;morele.net;Bosch Okładzina fibrowa EfM 115 G240 X-Lock;Bosch;Akcesoria do szlifierek;-;https://www.morele.net/bosch-okladzina-fibrowa-efm-115-g240-x-lock-15297909/;4.32;5.93;5.93;SALE
2026-09-21 18:21:42;morele.net;Bosch Tarcza ścierna Fibra Expert f/ Metal+Inox 125 R574 G100;Bosch;Akcesoria do szlifierek;-;https://www.morele.net/bosch-tarcza-scierna-fibra-expert-f-metal-inox-125-r574-g100-15008326/;5.04;7.36;7.47;SALE
2026-09-21 18:21:45;morele.net;Monitor Zeuslap P16T;Zeuslap;Monitory;-;https://www.morele.net/monitor-zeuslap-p16t-15795947/;639.00;649.00;649;SALE
2026-09-21 18:21:47;morele.net;Brita Butelka filtrująca Active Pastelowa zieleń + 5 filtrów do wody;Brita;Butelki na wodę;-;https://www.morele.net/brita-butelka-filtrujaca-active-pastelowa-zielen-5-filtrow-do-wody-15518766/;48.00;71.99;69;SALE
2026-09-21 18:21:50;morele.net;Klawiatura + mysz Gigabyte KM6300;Gigabyte;Klawiatury z myszą;-;https://www.morele.net/klawiatura-mysz-gigabyte-km6300-6287061/;76.98;104.37;104.30;SALE
2026-09-21 18:21:53;morele.net;Mysz Modecom (M-MC-00M9.1-140);Modecom;Myszki;-;https://www.morele.net/mysz-modecom-m-mc-00m9-1-140-1606568/;17.98;27.99;30.73;SALE
2026-09-21 18:21:55;morele.net;Kabel USB Lindy USB-A - USB-B 1 m Czarny (36741);Lindy;Kable USB;-;https://www.morele.net/kabel-usb-lindy-usb-a-usb-b-1-m-czarny-36741-4971909/;23.99;28.86;27.55;SALE
2026-09-21 18:21:58;morele.net;Słuchawki Koss CS200  (194390);Koss;Słuchawki z mikrofonem;-;https://www.morele.net/sluchawki-koss-cs200-194390-6449807/;178.00;179.49;178.33;SALE
2026-09-21 18:22:01;morele.net;Geko Piaskarka syfonowa 76L G02020;-;Pistolety pneumatyczne;-;https://www.morele.net/geko-piaskarka-syfonowa-76l-g02020-3186242/;423.30;481.77;;-
2026-09-21 18:22:04;morele.net;Szczoteczka Vitammy Dino Różowa;Vitammy;Szczoteczki elektryczne;-;https://www.morele.net/szczoteczka-vitammy-dino-rozowa-8388183/;105.99;147.99;146.99;SALE
2026-09-21 18:22:06;morele.net;Marioinex Mini Waffle Farmer Koparka 50 elementów;Marioinex;Klocki konstrukcyjne;-;https://www.morele.net/marioinex-mini-waffle-farmer-koparka-50-elementow-15478412/;22.15;34.90;35.78;SALE
2026-09-21 18:22:09;morele.net;3mk Folia ARC FS FitBit Charge 5 Watch Fullscreen Folia;3mk;Akcesoria do smartwatchy;-;https://www.morele.net/3mk-folia-arc-fs-fitbit-charge-5-watch-fullscreen-folia-9879109/;5.00;25.26;25.28;SALE
2026-09-21 18:22:11;morele.net;3mk Lens Protect Sam A14 5G A146 Ochrona na obiektyw aparatu 4szt;3mk;Folie i szkła ochronne do telefonów;-;https://www.morele.net/3mk-lens-protect-sam-a14-5g-a146-ochrona-na-obiektyw-aparatu-4szt-12729881/;3.00;9.33;9.64;SALE
2026-09-21 18:22:15;morele.net;Miska WC Cersanit SET D243 MZ LOTOS;Cersanit;Miski WC;-;https://www.morele.net/miska-wc-cersanit-set-d243-mz-lotos-15777544/;199.00;266.50;266.50;SALE
2026-09-21 18:22:20;morele.net;Legrand Wyłącznik różnicowo-nadprądowy 4P 32A C 0,3A typ A P314 DX3 411242;Legrand;Wyłączniki różnicowo-nadprądowe;-;https://www.morele.net/legrand-wylacznik-roznicowo-nadpradowy-4p-32a-c-0-3a-typ-a-p314-dx3-411242-8431353/;482.39;815.99;603;SALE
2026-09-21 18:22:22;morele.net;Pro-Line Klucz do pobijania 41mm oczkowy (36941);Pro-Line;Klucze do pobijania;-;https://www.morele.net/pro-line-klucz-do-pobijania-41mm-oczkowy-36941-3089250/;81.59;157.81;153.45;SALE
2026-09-21 18:22:24;morele.net;3MK FlexibleGlass do Samsung A04s;3mk;Folie i szkła ochronne do telefonów;-;https://www.morele.net/3mk-flexibleglass-do-samsung-a04s-12191612/;23.19;39.90;41.13;SALE
2026-09-21 18:22:28;morele.net;MyScreen Protector Samsung Galaxy A33/A53/A73 -  Szkło hartowane na tyle kamery MyScreen DIAMOND GLASS CAMERA FULL COVER;MyScreen Protector;Folie i szkła ochronne do telefonów;-;https://www.morele.net/myscreen-protector-samsung-galaxy-a33-a53-a73-szklo-hartowane-na-tyle-kamery-myscreen-diamond-glass-camera-full-cover-11556193/;6.39;20.01;8;SALE
2026-09-21 18:22:33;morele.net;Wentylator Tcomas FA200 Czarny 3-pack;Tcomas;Wentylatory komputerowe;-;https://www.morele.net/wentylator-tcomas-fa200-czarny-3-pack-15415399/;128.00;199.00;199;SALE
2026-09-21 18:22:37;morele.net;Ładowarka CipherLab Cipherlab RS38, (UK)adapter_100-240_5V2A+AC;CipherLab;Ładowarki sieciowe;-;https://www.morele.net/ladowarka-cipherlab-cipherlab-rs38-uk-adapter-100-240-5v2a-ac-15111982/;45.99;140.22;46.99;SALE
2026-09-21 18:22:39;morele.net;Ładowarka Quick QC-410 1x USB-A 1x USB-C  (4752168145012);Quick;Ładowarki samochodowe;-;https://www.morele.net/ladowarka-quick-qc-410-1x-usb-a-1x-usb-c-4752168145012-14803252/;29.69;81.66;74.39;SALE
2026-09-21 18:22:41;morele.net;Selfie stick Quik QS-621 z lampą LED;Quik;Selfie stick;-;https://www.morele.net/selfie-stick-quik-qs-621-z-lampa-led-15524647/;11.69;38.66;38.66;SALE
2026-09-21 18:22:44;morele.net;Toner Asarto Black Zamiennik C4129X (AS-LH4129X);Asarto;Tonery do drukarek;-;https://www.morele.net/toner-asarto-black-zamiennik-c4129x-as-lh4129x-4565432/;148.49;296.96;205.99;SALE
2026-09-21 18:22:46;morele.net;Toner Katun Cyan (51274);Katun;Tonery do drukarek;-;https://www.morele.net/toner-katun-cyan-51274-7327936/;101.69;181.95;152.80;SALE
2026-09-21 18:22:48;morele.net;Toner Asarto Yellow Zamiennik 1243C002 (AS-LC45YXN);Asarto;Tonery do drukarek;-;https://www.morele.net/toner-asarto-yellow-zamiennik-1243c002-as-lc45yxn-4565768/;32.39;121.50;119.35;SALE
2026-09-21 18:22:50;morele.net;Toner Asarto Magenta Zamiennik 3026C002 (AS-LC54MXN);Asarto;Tonery do drukarek;-;https://www.morele.net/toner-asarto-magenta-zamiennik-3026c002-as-lc54mxn-6555437/;42.29;92.74;82.68;SALE
2026-09-21 18:22:55;morele.net;"3MK Folia 1UP iPhone 15 Plus 6.7"" Folia Gaming 3 szt.";-;Folie i szkła ochronne do telefonów;-;https://www.morele.net/3mk-folia-1up-iphone-15-plus-6-7-folia-gaming-3-szt-13085901/;39.00;61.79;;-
2026-09-21 18:22:56;morele.net;3mk Etui Matt Case Samsung Galaxy M54 czarne;3mk;Etui na telefon;-;https://www.morele.net/3mk-etui-matt-case-samsung-galaxy-m54-czarne-12901305/;10.00;28.00;19.99;SALE
2026-09-21 18:22:58;morele.net;Ładowarka Goobay Slim 1x USB-C  (RB75727);Goobay;Ładowarki sieciowe;-;https://www.morele.net/ladowarka-goobay-slim-1x-usb-c-rb75727-15297837/;29.99;49.93;50.86;SALE
2026-09-21 18:23:00;morele.net;Kabel USB Quick USB-A - Lightning 1.5 m Czarny (4752168141243);Quick;Kable USB;-;https://www.morele.net/kabel-usb-quick-usb-a-lightning-1-5-m-czarny-4752168141243-14809525/;11.99;37.72;45.57;SALE
