2026-09-19 17:33:46;xkom;Merch Imagination: Roch Urbaniak Owl Island 1000;Merch;Klocki LEGO®;Gadżety technologiczne;x-kom.pl/p/1133205-pozostale-gadzety-dla-gracza-merch-imagination-roch-urbaniak-owl-island-1000.html;59.0;69.0;69.0;-
2026-09-19 17:33:54;xkom;Avtek Ekran ręczny 133' 270x202,5 4:3 Biały Matowy;Avtek;Adaptery Wi-Fi;Pokrowce i torby na projektory;x-kom.pl/p/337630-ekran-projekcyjny-avtek-ekran-reczny-133-270x2025-43-bialy-matowy.html;499.0;759.0;759.0;-
2026-09-19 17:33:56;xkom;Diablo Chairs X-Horn 2.0 Normal Size Czarno-biały;Diablo Chairs;Pufy gamingowe;Akcesoria do biurek;x-kom.pl/p/1192257-fotel-gamingowy-diablo-chairs-x-horn-20-normal-size-czarno-bialy.html;849.0;899.0;899.0;-
2026-09-19 17:34:12;xkom;Apple Watch Ultra 3 Czarny Tytan/Czarna Opaska Trail M/L 5G;Apple;Smart Ring;Opaski do smartwatchy;x-kom.pl/p/1362462-smartwatch-lte-apple-watch-ultra-3-czarny-tytan-czarna-opaska-trail-m-l-5g.html;3199.0;3449.0;3449.0;-
2026-09-19 17:34:18;xkom;HyperX Cloud Alpha;HyperX;Wzmacniacze słuchawkowe;Zestawy słuchawkowe;x-kom.pl/p/399285-sluchawki-przewodowe-hyperx-cloud-alpha.html;169.0;198.0;198.0;-
2026-09-19 17:34:21;xkom;HP OmniBook 3-16 Ryzen 5-230/32GB/512/Win11;HP;Laptopy biznesowe;Laptopy 2 w 1;x-kom.pl/p/1574125-laptop-15-16-hp-omnibook-3-16-ryzen-5-230-32gb-512-win11.html;2499.0;2699.0;2699.0;-
2026-09-19 17:34:38;xkom;iiyama ProLite XB2797QSNP-W1;iiyama;"Monitory LED 21"" i mniejsze";"Monitory LED 24"" (23,5""-26,4"")";x-kom.pl/p/1518013-monitor-led-27-265-284-iiyama-prolite-xb2797qsnp-w1.html;1129.0;1199.0;1199.0;-
2026-09-19 17:34:43;xkom;ASUS Vivobook 15 Core 7-150U/24GB/2TB/Win11;ASUS;Laptopy biznesowe;Laptopy 2 w 1;x-kom.pl/p/1480848-laptop-15-16-asus-vivobook-15-core-7-150u-24gb-2tb-win11.html;4149.0;4249.0;4249.0;-
2026-09-19 17:34:46;xkom;MSI Cubi 5 Core 7-150U/16GB/512/Win11X;MSI;Serwery;All-in-One;x-kom.pl/p/1501148-nettop-mini-pc-msi-cubi-5-core-7-150u-16gb-512-win11x.html;2999.0;3099.0;3099.0;-
2026-09-19 17:34:52;xkom;Lenovo Legion 5-15 Ryzen 7-250/32GB/512 RTX5050 OLED 165Hz;Lenovo;Laptopy biznesowe;Laptopy 2 w 1;x-kom.pl/p/1521453-laptop-15-16-lenovo-legion-5-15-ryzen-7-250-32gb-512-rtx5050-oled-165hz.html;6199.0;6799.0;6799.0;-
2026-09-19 17:34:55;xkom;HP 24 AIO Ultra 5-125U/16GB/512/Win11 Touch;HP;Serwery;Nettopy/Mini-PC;x-kom.pl/p/1454883-all-in-one-hp-24-aio-ultra-5-125u-16gb-512-win11-touch.html;3599.0;3699.0;3699.0;-
2026-09-19 17:35:20;xkom;HyperX OMEN 16 i7-14650HX/32GB/512+512/Win11X RTX5060 240Hz;HyperX;Laptopy biznesowe;Laptopy 2 w 1;x-kom.pl/p/1520173-laptop-15-16-hyperx-omen-16-i7-14650hx-32gb-512512-win11x-rtx5060-240hz.html;7399.0;9599.0;9599.0;-
2026-09-19 17:35:25;xkom;ViewSonic PX700HDH;ViewSonic;Adaptery Wi-Fi;Pokrowce i torby na projektory;x-kom.pl/p/1317734-projektor-viewsonic-px700hdh.html;2199.0;2299.0;2299.0;-
2026-09-19 17:35:29;xkom;Merch Kubek z aplikacją termoaktywną Game Art Chronicles The Witch;Merch;Klocki LEGO®;Pozostałe gadżety dla graczy;x-kom.pl/p/1275278-kubek-pojemnik-z-gier-merch-kubek-z-aplikacja-termoaktywna-game-art-chronicles-the-witch.html;69.0;79.0;79.0;-
2026-09-19 17:35:35;xkom;Logitech G213 PRODIGY;Logitech;Etui i obudowy na klawiatury;Kable do klawiatur;x-kom.pl/p/329410-klawiatura-przewodowa-logitech-g213-prodigy.html;149.0;169.0;169.0;-
2026-09-19 17:35:40;xkom;3mk EverClear MagCase do Galaxy S25;3mk;Opaski naramienne;Moduły do smartfonów;x-kom.pl/p/1344396-etui-obudowa-na-smartfona-3mk-everclear-magcase-do-galaxy-s25.html;59.0;99.99;99.99;-
2026-09-19 17:36:09;xkom;Gigabyte GAMING A18 Ryzen 7 260/64GB/1TB RTX5070 165Hz;Gigabyte;Laptopy biznesowe;Laptopy 2 w 1;x-kom.pl/p/1516456-laptop-173-i-wieksze-gigabyte-gaming-a18-ryzen-7-260-64gb-1tb-rtx5070-165hz.html;7598.0;7799.0;7799.0;-
2026-09-19 17:36:17;xkom;ASUS TUF Gaming A16 Ryzen 7-170/32GB/512+1TB/Win11 RTX4050 144Hz;ASUS;Laptopy biznesowe;Laptopy 2 w 1;x-kom.pl/p/1518496-laptop-15-16-asus-tuf-gaming-a16-ryzen-7-170-32gb-5121tb-win11-rtx4050-144hz.html;5299.0;8399.0;8399.0;-
2026-09-19 17:37:00;xkom;MSI MAG 274QPF E20;MSI;"Monitory LED 21"" i mniejsze";"Monitory LED 24"" (23,5""-26,4"")";x-kom.pl/p/1356245-monitor-led-27-265-284-msi-mag-274qpf-e20.html;749.0;899.0;899.0;-
2026-09-19 17:37:05;xkom;Apple Watch Ultra 3 Czarny Tytan/Czarna Opaska Alpine L 5G;Apple;Smart Ring;Opaski do smartwatchy;x-kom.pl/p/1362460-smartwatch-lte-apple-watch-ultra-3-czarny-tytan-czarna-opaska-alpine-l-5g.html;3199.0;3622.0;3622.0;-
2026-09-19 17:37:09;xkom;Minisforum X1 Pro Ryzen AI 9 HX370/48GB/2TB/Win11PX;Minisforum;Serwery;All-in-One;x-kom.pl/p/1548020-nettop-mini-pc-minisforum-x1-pro-ryzen-ai-9-hx370-48gb-2tb-win11px.html;7249.0;7649.0;7649.0;-
2026-09-19 17:37:23;xkom;MSI MAG 275QF E20;MSI;"Monitory LED 21"" i mniejsze";"Monitory LED 24"" (23,5""-26,4"")";x-kom.pl/p/1485780-monitor-led-27-265-284-msi-mag-275qf-e20.html;569.0;599.0;599.0;-
2026-09-19 17:37:27;xkom;Razer BlackWidow V4 X Yellow Switch;Razer;Etui i obudowy na klawiatury;Kable do klawiatur;x-kom.pl/p/1164798-klawiatura-przewodowa-razer-blackwidow-v4-x-yellow-switch.html;399.0;499.0;499.0;rabat8
2026-09-19 17:37:29;xkom;Minisforum X1 Pro Ryzen AI 9 HX370/16GB/1TB/Win11PX;Minisforum;Serwery;All-in-One;x-kom.pl/p/1548008-nettop-mini-pc-minisforum-x1-pro-ryzen-ai-9-hx370-16gb-1tb-win11px.html;5249.0;5649.0;5649.0;-
2026-09-19 17:37:35;xkom;HONOR Watch 6 czarny 46mm;HONOR;Smart Ring;Opaski do smartwatchy;x-kom.pl/p/1580330-smartwatch-honor-watch-6-czarny-46mm.html;799.0;899.0;899.0;-
2026-09-19 17:37:45;xkom;Nikon Z30 + DX 12–28mm PZ VR;Nikon;Aparaty dla dzieci;Aparaty natychmiastowe;x-kom.pl/p/1188580-bezlusterkowiec-nikon-z30-dx-1228mm-pz-vr.html;3719.0;4449.0;4449.0;-
2026-09-19 17:37:53;xkom;Trust GXT714 RUYA GAMING CHAIR;Trust;Pufy gamingowe;Akcesoria do biurek;x-kom.pl/p/1489339-fotel-gamingowy-trust-gxt714-ruya-gaming-chair.html;599.0;799.0;799.0;-
2026-09-19 17:38:07;xkom;Eizo FlexScan EV2480-BK;Eizo;"Monitory LED 21"" i mniejsze";"Monitory LED 27"" (26,5""-28,4"")";x-kom.pl/p/644573-monitor-led-24-235-264-eizo-flexscan-ev2480-bk.html;1279.0;1299.0;1299.0;-
2026-09-19 17:38:13;xkom;MSI Cubi 5 Core 7-150U/16GB/512;MSI;Serwery;All-in-One;x-kom.pl/p/1501130-nettop-mini-pc-msi-cubi-5-core-7-150u-16gb-512.html;2499.0;2599.0;2599.0;-
2026-09-19 17:38:20;xkom;HP OmniBook 16 Ultra 5-225U/16GB/1TB/Win11 Touch odnowiony;HP;Ochrona danych;Stacje dokujące do laptopów;x-kom.pl/p/1530731-laptop-odnowiony-hp-omnibook-16-ultra-5-225u-16gb-1tb-win11-touch-odnowiony.html;2999.0;3149.0;3149.0;-
2026-09-19 17:38:24;xkom;ASUS Vivobook S 14 Core 7-240H/16GB/1TB/Win11 FHD;ASUS;Laptopy biznesowe;Laptopy 2 w 1;x-kom.pl/p/1480970-laptop-15-16-asus-vivobook-s-14-core-7-240h-16gb-1tb-win11-fhd.html;3599.0;3899.0;3899.0;-
2026-09-19 17:38:30;xkom;Netatmo Weather Station (moduł wewnętrzny i zewnętrzny);Netatmo;Końcówki do szczoteczek i irygatorów;Szczoteczki soniczne;x-kom.pl/p/179200-stacja-pogodowa-netatmo-weather-station-modul-wewnetrzny-i-zewnetrzny.html;599.0;649.0;649.0;-
2026-09-19 17:38:46;xkom;MSI Cubi 5 Core 7-150U/16GB/1TB/Win11PX;MSI;Serwery;All-in-One;x-kom.pl/p/1501175-nettop-mini-pc-msi-cubi-5-core-7-150u-16gb-1tb-win11px.html;3749.0;3849.0;3849.0;-
2026-09-19 17:39:18;xkom;HyperX OMEN 16 Ultra 7-270HX Plus/16GB/512+1TB RTX5070 165Hz;HyperX;Laptopy biznesowe;Laptopy 2 w 1;x-kom.pl/p/1531253-laptop-15-16-hyperx-omen-16-ultra-7-270hx-plus-16gb-5121tb-rtx5070-165hz.html;8799.0;9719.1;9719.1;-
2026-09-19 17:39:29;xkom;Philips 24B2U3601/00;Philips;"Monitory LED 21"" i mniejsze";"Monitory LED 27"" (26,5""-28,4"")";x-kom.pl/p/1515829-monitor-led-24-235-264-philips-24b2u3601-00.html;999.0;1349.0;1349.0;-
2026-09-19 17:39:33;xkom;3mk Armor Case do iPhone 16E;3mk;Opaski naramienne;Moduły do smartfonów;x-kom.pl/p/1336018-etui-obudowa-na-smartfona-3mk-armor-case-do-iphone-16e.html;24.99;39.99;39.99;-
2026-09-19 17:39:46;xkom;ASUS Vivobook S 16 Core 5-210H/24GB/512/Win11 144Hz;ASUS;Laptopy biznesowe;Laptopy 2 w 1;x-kom.pl/p/1480992-laptop-15-16-asus-vivobook-s-16-core-5-210h-24gb-512-win11-144hz.html;3349.0;3429.0;3429.0;-
2026-09-19 17:39:50;xkom;"Samsung UE65M80H 65"" Mini LED 4K 144 Hz Tizen TV HDMI 2.1";Samsung;"Telewizory 98"" i większe";"Telewizory 32"" i mniejsze";x-kom.pl/p/1526935-telewizor-65-samsung-ue65m80h-65-mini-led-4k-144-hz-tizen-tv-hdmi-21.html;4299.0;4449.0;4449.0;-
2026-09-19 17:39:58;xkom;HP OMEN 16 i9-14900HX/24GB/1TB RTX5060 240Hz;HP;Laptopy biznesowe;Laptopy 2 w 1;x-kom.pl/p/1475412-laptop-15-16-hp-omen-16-i9-14900hx-24gb-1tb-rtx5060-240hz.html;5699.0;5799.0;5799.0;-
2026-09-19 17:40:04;xkom;Acer Aspire 14 Ryzen AI 5-330/16GB/2TB/Win11 OLED;Acer;Laptopy biznesowe;Laptopy 2 w 1;x-kom.pl/p/1520869-laptop-14-acer-aspire-14-ryzen-ai-5-330-16gb-2tb-win11-oled.html;4399.0;4699.0;4699.0;-
2026-09-19 17:41:40;xkom;ASUS ROG Flow Z13 Ryzen AI MAX+ 395/64GB/1TB/Win11PX 180Hz;ASUS;Laptopy biznesowe;Laptopy 2 w 1;x-kom.pl/p/1340433-laptop-133-i-mniejsze-asus-rog-flow-z13-ryzen-ai-max-395-64gb-1tb-win11px-180hz.html;11549.0;15549.0;15549.0;-
2026-09-19 17:41:46;xkom;Gigabyte GAMING A18 Ryzen 7 260/64GB/512/Win11 RTX5060 165Hz;Gigabyte;Laptopy biznesowe;Laptopy 2 w 1;x-kom.pl/p/1503045-laptop-173-i-wieksze-gigabyte-gaming-a18-ryzen-7-260-64gb-512-win11-rtx5060-165hz.html;6799.0;7949.0;7949.0;-
2026-09-19 17:42:02;xkom;myPhone Bueno LTE Praline Collection;myPhone;Pamięci flash;Akcesoria do tabletów;x-kom.pl/p/1325716-smartfon-telefon-myphone-bueno-lte-praline-collection.html;299.0;349.0;349.0;-
2026-09-19 17:42:14;xkom;MOVA ROBOT SPRZĄTAJĄCY MOVA S70 ULTRA ROLLER WHITE;MOVA;Frytkownice;Bagaże;x-kom.pl/p/1544744-robot-sprzatajacy-mova-robot-sprzatajacy-mova-s70-ultra-roller-white.html;2899.0;3499.0;3499.0;-
2026-09-19 17:42:18;xkom;Acer Aspire Lite 15 Ryzen 5-7430U/16GB/1TB/Win11;Acer;Laptopy biznesowe;Laptopy 2 w 1;x-kom.pl/p/1546947-laptop-15-16-acer-aspire-lite-15-ryzen-5-7430u-16gb-1tb-win11.html;3199.0;3349.0;3349.0;-
2026-09-19 17:42:22;xkom;Nikon Nikkor Z 40mm f/2;Nikon;Akcesoria do obiektywów;Obiektywy zmiennoogniskowe;x-kom.pl/p/1190988-obiektyw-staloogniskowy-nikon-nikkor-z-40mm-f-2.html;879.0;919.0;919.0;rabat1
2026-09-19 17:42:26;xkom;MSI MAG 345CQR;MSI;"Monitory LED 21"" i mniejsze";"Monitory LED 24"" (23,5""-26,4"")";x-kom.pl/p/1227225-monitor-led-32-i-wiekszy-msi-mag-345cqr.html;929.0;999.0;999.0;-
2026-09-19 17:42:32;xkom;HyperX OMEN 16 Ultra 7-270HX Plus/16GB/512+512/Win11X RTX5070 165Hz;HyperX;Laptopy biznesowe;Laptopy 2 w 1;x-kom.pl/p/1531262-laptop-15-16-hyperx-omen-16-ultra-7-270hx-plus-16gb-512512-win11x-rtx5070-165hz.html;8699.0;9629.1;9629.1;-
2026-09-19 17:42:36;xkom;ASUS VivoBook S 14 Ryzen AI 7 445/16GB/2TB/Win11 OLED Srebrny;ASUS;Laptopy biznesowe;Laptopy 2 w 1;x-kom.pl/p/1507443-laptop-14-asus-vivobook-s-14-ryzen-ai-7-445-16gb-2tb-win11-oled-srebrny.html;5149.0;5349.0;5349.0;-
2026-09-19 17:42:39;xkom;Tracer FINA 84 Grey;Tracer;Etui i obudowy na klawiatury;Kable do klawiatur;x-kom.pl/p/1235810-klawiatura-bezprzewodowa-tracer-fina-84-grey.html;149.0;169.0;174.96;game-key
2026-09-19 17:42:46;xkom;Acer Nitro V17 AI Ryzen AI 9-365/16GB/2TB/Win11 RTX5070;Acer;Laptopy biznesowe;Laptopy 2 w 1;x-kom.pl/p/1536530-laptop-173-i-wieksze-acer-nitro-v17-ai-ryzen-ai-9-365-16gb-2tb-win11-rtx5070.html;8699.0;8999.0;8999.0;-
2026-09-19 17:43:21;xkom;HP Elite SFF 800 G9 i7-14700/16GB/1TB/Win11P;HP;Serwery;Nettopy/Mini-PC;x-kom.pl/p/1357864-desktop-hp-elite-sff-800-g9-i7-14700-16gb-1tb-win11p.html;4799.0;4999.0;4999.0;-
2026-09-19 17:43:34;xkom;ASUS Vivobook S 14 Core 7-240H/24GB/512/Win11 FHD;ASUS;Laptopy biznesowe;Laptopy 2 w 1;x-kom.pl/p/1480976-laptop-15-16-asus-vivobook-s-14-core-7-240h-24gb-512-win11-fhd.html;3949.0;4249.0;4249.0;-
2026-09-19 17:44:08;xkom;HyperX OMEN 15 Core i5-14500HX/64GB/512+1TB/Win11 RTX5060 180Hz;HyperX;Laptopy biznesowe;Laptopy 2 w 1;x-kom.pl/p/1520016-laptop-15-16-hyperx-omen-15-core-i5-14500hx-64gb-5121tb-win11-rtx5060-180hz.html;7499.0;7699.0;7699.0;-
2026-09-19 17:44:18;xkom;HyperX OMEN 16 Ultra 7-270HX Plus/32GB/512/Win11X RTX5070 165Hz;HyperX;Laptopy biznesowe;Laptopy 2 w 1;x-kom.pl/p/1531261-laptop-15-16-hyperx-omen-16-ultra-7-270hx-plus-32gb-512-win11x-rtx5070-165hz.html;9199.0;10079.1;10079.1;-
2026-09-19 17:44:39;xkom;Good Loot Gaming Puzzle: Cyberpunk 2077 Kitsch Style 1000 elementów;Good Loot;Klocki LEGO®;Pozostałe gadżety dla graczy;x-kom.pl/p/1331121-puzzle-z-gier-good-loot-gaming-puzzle-cyberpunk-2077-kitsch-style-1000-elementow.html;59.0;69.0;69.0;-
2026-09-19 17:44:44;xkom;Minisforum X1 Pro Ryzen AI 9 HX370/64GB/512+1TB/Win11X;Minisforum;Serwery;All-in-One;x-kom.pl/p/1547993-nettop-mini-pc-minisforum-x1-pro-ryzen-ai-9-hx370-64gb-5121tb-win11x.html;7499.0;7899.0;7899.0;-
2026-09-19 17:45:56;xkom;Anda Seat Stealth II Duo 17”- 32” czarny;Anda Seat;Lampki na monitor;Kable VGA/D-SUB;x-kom.pl/p/1473982-uchwyt-do-monitora-anda-seat-stealth-ii-duo-17-32-czarny.html;299.0;369.0;369.0;-
2026-09-19 17:46:32;xkom;Lenovo Legion 5-15 Ryzen 7-250/32GB/512/Win11X RTX5050 OLED 165Hz;Lenovo;Laptopy biznesowe;Laptopy 2 w 1;x-kom.pl/p/1521465-laptop-15-16-lenovo-legion-5-15-ryzen-7-250-32gb-512-win11x-rtx5050-oled-165hz.html;6699.0;7299.0;7299.0;-
2026-09-19 17:46:43;xkom;Dell Alienware AW3425DWM;Dell;"Monitory LED 21"" i mniejsze";"Monitory LED 24"" (23,5""-26,4"")";x-kom.pl/p/1336138-monitor-led-32-i-wiekszy-dell-alienware-aw3425dwm.html;1099.0;1199.0;1199.0;-
2026-09-19 17:46:52;xkom;Acer Aspire Go 15 Ryzen 7-7730U/24GB/512/Win11;Acer;Laptopy biznesowe;Laptopy 2 w 1;x-kom.pl/p/1572596-laptop-15-16-acer-aspire-go-15-ryzen-7-7730u-24gb-512-win11.html;2999.0;3199.0;3199.0;-
2026-09-19 17:48:10;xkom;Funko POP Movies: Despicable Me 4 - Mega Minion Dave;Funko POP;Klocki LEGO®;Pozostałe gadżety dla graczy;x-kom.pl/p/1280458-figurka-z-gier-funko-pop-movies-despicable-me-4-mega-minion-dave.html;69.0;89.0;89.0;-
2026-09-19 17:48:21;xkom;ASUS Vivobook 15 Core 7-150U/40GB/512/Win11;ASUS;Laptopy biznesowe;Laptopy 2 w 1;x-kom.pl/p/1480843-laptop-15-16-asus-vivobook-15-core-7-150u-40gb-512-win11.html;4049.0;4149.0;4149.0;-
2026-09-19 17:48:26;xkom;AOC Q27G42XNE;AOC;"Monitory LED 21"" i mniejsze";"Monitory LED 24"" (23,5""-26,4"")";x-kom.pl/p/1355544-monitor-led-27-265-284-aoc-q27g42xne.html;569.0;599.0;599.0;-
2026-09-19 17:48:29;xkom;ViewSonic PA700W;ViewSonic;Adaptery Wi-Fi;Pokrowce i torby na projektory;x-kom.pl/p/1181024-projektor-viewsonic-pa700w.html;2049.0;2219.0;2219.0;-
2026-09-19 17:48:54;xkom;Anda Seat Novis Plus XL Black Fabric;Anda Seat;Pufy gamingowe;Akcesoria do biurek;x-kom.pl/p/1473970-fotel-gamingowy-anda-seat-novis-plus-xl-black-fabric.html;1099.0;1299.0;1299.0;-
2026-09-19 17:48:57;xkom;ASUS Vivo Flip 14 Ultra 7-256V/16GB/2TB/Win11 OLED Touch;ASUS;Laptopy biznesowe;Laptopy 2 w 1;x-kom.pl/p/1480930-laptop-14-asus-vivo-flip-14-ultra-7-256v-16gb-2tb-win11-oled-touch.html;5019.0;5399.0;5399.0;-
2026-09-19 17:49:06;xkom;Apple Watch SE 3 44/Czarne Aluminum/Czarny Pasek S/M 5G;Apple;Smart Ring;Opaski do smartwatchy;x-kom.pl/p/1362393-smartwatch-lte-apple-watch-se-3-44-czarne-aluminum-czarny-pasek-s-m-5g.html;1476.8;1499.0;1499.0;-
2026-09-19 17:49:25;xkom;Uniq Lino do iPhone 17 Pro Magclick Charging szary;Uniq;Opaski naramienne;Moduły do smartfonów;x-kom.pl/p/1371831-etui-obudowa-na-smartfona-uniq-lino-do-iphone-17-pro-magclick-charging-szary.html;119.0;149.0;149.0;-
2026-09-19 17:50:00;xkom;Navitel Transmiter FM BHF06 PRO;Navitel;Opaski naramienne;Moduły do smartfonów;x-kom.pl/p/1063582-zestaw-glosnomowiacy-navitel-transmiter-fm-bhf06-pro.html;99.99;102.0;102.0;-
2026-09-19 17:51:05;xkom;Acer Predator XB273UX2BMIIPRX;Acer;"Monitory LED 21"" i mniejsze";"Monitory LED 24"" (23,5""-26,4"")";x-kom.pl/p/1527842-monitor-led-27-265-284-acer-predator-xb273ux2bmiiprx.html;649.0;679.0;679.0;-
2026-09-19 17:51:23;xkom;ASUS Vivobook 14 Core 7-150U/16GB/512/Win11X;ASUS;Laptopy biznesowe;Laptopy 2 w 1;x-kom.pl/p/1480752-laptop-14-asus-vivobook-14-core-7-150u-16gb-512-win11x.html;3099.0;3299.0;3299.0;-
2026-09-19 17:51:26;xkom;Hama Ładowarka sieciowa Mini 45W 1xUSB-C, 1xUSB-A;Hama;Opaski naramienne;Moduły do smartfonów;x-kom.pl/p/1246881-ladowarka-do-smartfonow-hama-ladowarka-sieciowa-mini-45w-1xusb-c-1xusb-a.html;104.99;109.9;109.9;-
2026-09-19 17:51:30;xkom;"Navitel RC3 pro Full HD/3,16""/135";Navitel;Adaptery samochodowe;Odkurzacze samochodowe;x-kom.pl/p/1046945-wideorejestrator-navitel-rc3-pro-full-hd-316-135.html;549.0;639.0;639.0;-
2026-09-19 17:51:47;xkom;HyperX OMEN 15 Core i5-14500HX/64GB/2TB/Win11X RTX5060 180Hz;HyperX;Laptopy biznesowe;Laptopy 2 w 1;x-kom.pl/p/1520071-laptop-15-16-hyperx-omen-15-core-i5-14500hx-64gb-2tb-win11x-rtx5060-180hz.html;7999.0;8199.0;8199.0;-
2026-09-19 17:52:04;xkom;3mk Matt Case Pro do Xiaomi Redmi 14C;3mk;Opaski naramienne;Moduły do smartfonów;x-kom.pl/p/1336054-etui-obudowa-na-smartfona-3mk-matt-case-pro-do-xiaomi-redmi-14c.html;19.99;39.99;39.99;-
2026-09-19 17:52:18;xkom;Suunto Vertical Titanium Solar Forest;Suunto;Smart Ring;Opaski do smartwatchy;x-kom.pl/p/1141446-smartwatch-suunto-vertical-titanium-solar-forest.html;1849.0;1949.0;1949.0;rabat1
2026-09-19 17:52:23;xkom;Deltaco SWITCH Pad bezprzewodowy GAM-103-W;Deltaco;Fotele do symulatorów;Gogle VR;x-kom.pl/p/1105397-pad-deltaco-switch-pad-bezprzewodowy-gam-103-w.html;99.99;129.99;129.99;-
2026-09-19 17:52:38;xkom;Dell P2425H;Dell;"Monitory LED 21"" i mniejsze";"Monitory LED 27"" (26,5""-28,4"")";x-kom.pl/p/1264612-monitor-led-24-235-264-dell-p2425h.html;579.0;589.0;589.0;-
2026-09-19 17:53:00;xkom;"Apple iPad Air 11"" M4 128GB 5G niebieski";Apple;"Tablety 8""";"Tablety 9""";x-kom.pl/p/1505839-tablet-11-apple-ipad-air-11-m4-128gb-5g-niebieski.html;4099.0;4299.0;4299.0;-
2026-09-19 17:53:19;xkom;ViewSonic LS711W;ViewSonic;Adaptery Wi-Fi;Pokrowce i torby na projektory;x-kom.pl/p/1317733-projektor-viewsonic-ls711w.html;6839.0;6909.0;6909.0;-
2026-09-19 17:53:29;xkom;"Samsung QE55S85H 55"" OLED 4K 165 Hz Tizen TV HDMI 2.1";Samsung;"Telewizory 98"" i większe";"Telewizory 32"" i mniejsze";x-kom.pl/p/1526899-telewizor-55-59-samsung-qe55s85h-55-oled-4k-165-hz-tizen-tv-hdmi-21.html;6199.0;7209.0;7209.0;-
2026-09-19 17:53:35;xkom;Xiaomi Redmi Note 17 6/256GB Black;Xiaomi;Pamięci flash;Akcesoria do tabletów;x-kom.pl/p/1575625-smartfon-telefon-xiaomi-redmi-note-17-6-256gb-black.html;1099.0;1299.0;1299.0;-
2026-09-19 17:53:49;xkom;HyperX Alloy Origins 2 65;HyperX;Etui i obudowy na klawiatury;Kable do klawiatur;x-kom.pl/p/1502952-klawiatura-przewodowa-hyperx-alloy-origins-2-65.html;359.0;399.0;399.0;-
2026-09-19 17:54:15;xkom;MSI Cubi 5 Core 7-150U/24GB/512;MSI;Serwery;All-in-One;x-kom.pl/p/1501131-nettop-mini-pc-msi-cubi-5-core-7-150u-24gb-512.html;2999.0;3099.0;3099.0;-
2026-09-19 17:54:25;xkom;Dell Pro P2426H;Dell;"Monitory LED 21"" i mniejsze";"Monitory LED 27"" (26,5""-28,4"")";x-kom.pl/p/1517076-monitor-led-24-235-264-dell-pro-p2426h.html;569.0;639.0;639.0;-
2026-09-19 17:54:37;xkom;Xbox Avowed Premium Upgrade Edition PL;Xbox;Abonamenty i PrePaid do gier;Doładowania do gier;x-kom.pl/p/1319032-gra-na-xbox-series-x-s-xbox-avowed-premium-upgrade-edition-pl.html;119.0;129.0;129.0;-
2026-09-19 17:54:54;xkom;MSI Cubi 5 Core 7-150U/32GB/512;MSI;Serwery;All-in-One;x-kom.pl/p/1501132-nettop-mini-pc-msi-cubi-5-core-7-150u-32gb-512.html;3499.0;3599.0;3599.0;-
2026-09-19 17:54:59;xkom;HP Elite Mini 800 G9 i7-14700/16GB/512/Win11P;HP;Serwery;Nettopy/Mini-PC;x-kom.pl/p/1357868-desktop-hp-elite-mini-800-g9-i7-14700-16gb-512-win11p.html;4999.0;5399.0;5399.0;-
2026-09-19 17:55:03;xkom;ViewSonic VX3418C-2K;ViewSonic;"Monitory LED 21"" i mniejsze";"Monitory LED 24"" (23,5""-26,4"")";x-kom.pl/p/1332423-monitor-led-32-i-wiekszy-viewsonic-vx3418c-2k.html;889.0;999.0;999.0;-
2026-09-19 17:55:11;xkom;HyperX OMEN 15 Core i5-14500HX/24GB/512/Win11 RTX5060 180Hz;HyperX;Laptopy biznesowe;Laptopy 2 w 1;x-kom.pl/p/1520001-laptop-15-16-hyperx-omen-15-core-i5-14500hx-24gb-512-win11-rtx5060-180hz.html;4999.0;5199.0;5199.0;-
2026-09-19 17:55:53;xkom;"Apple Studio Display XDR 27"" 5K Regulacja pochylenia i wysokości N";Apple;"Monitory LED 21"" i mniejsze";"Monitory LED 24"" (23,5""-26,4"")";x-kom.pl/p/1506517-monitor-led-27-265-284-apple-studio-display-xdr-27-5k-regulacja-pochylenia-i-wysokosci-n.html;14589.0;16299.0;16299.0;-
2026-09-19 17:55:58;xkom;Belkin Etui na AirTag z kółkiem do kluczy, wodoodporne, czar;Belkin;Opaski naramienne;Moduły do smartfonów;x-kom.pl/p/1330408-lokalizator-i-komunikator-belkin-etui-na-airtag-z-kolkiem-do-kluczy-wodoodporne-czar.html;129.0;189.0;189.0;-
2026-09-19 17:56:05;xkom;Spigen Cyrill Ultra Color Mag Magsafe do iPhone 14 Plus dusk;Spigen;Opaski naramienne;Moduły do smartfonów;x-kom.pl/p/1070323-etui-obudowa-na-smartfona-spigen-cyrill-ultra-color-mag-magsafe-do-iphone-14-plus-dusk.html;29.0;129.0;129.0;-
2026-09-19 17:56:19;xkom;"Samsung UE85M74H 85"" Mini LED 4K 60 Hz Tizen TV HDMI 2.1";Samsung;"Telewizory 98"" i większe";"Telewizory 32"" i mniejsze";x-kom.pl/p/1526937-telewizor-80-i-wiekszy-samsung-ue85m74h-85-mini-led-4k-60-hz-tizen-tv-hdmi-21.html;7799.0;8099.0;8099.0;-
2026-09-19 17:57:06;xkom;DJI Osmo Pocket 4 Creator Combo;DJI;Gimbale;Gwarancje do kamer i gimbali;x-kom.pl/p/1517492-kamera-sportowa-dji-osmo-pocket-4-creator-combo.html;2659.0;2799.0;2799.0;-
2026-09-19 17:57:14;xkom;MSI PRO MAX 271QPHW E14;MSI;"Monitory LED 21"" i mniejsze";"Monitory LED 24"" (23,5""-26,4"")";x-kom.pl/p/1485782-monitor-led-27-265-284-msi-pro-max-271qphw-e14.html;949.0;959.0;959.0;-
2026-09-19 17:57:18;xkom;3mk HardGlass Max do Samsung Galaxy A55 5G / Galaxy A35 5G;3mk;Opaski naramienne;Moduły do smartfonów;x-kom.pl/p/1231601-folia-szklo-na-smartfon-3mk-hardglass-max-do-samsung-galaxy-a55-5g-galaxy-a35-5g.html;49.99;79.0;79.0;-
2026-09-19 17:57:28;xkom;ASUS Vivobook S 14 Core 7-240H/40GB/2TB/Win11 FHD;ASUS;Laptopy biznesowe;Laptopy 2 w 1;x-kom.pl/p/1480974-laptop-15-16-asus-vivobook-s-14-core-7-240h-40gb-2tb-win11-fhd.html;5049.0;5349.0;5349.0;-
2026-09-19 17:57:49;xkom;Acer Aspire 14 AI Ryzen AI 5-330/32GB/2TB/Win11 OLED;Acer;Laptopy biznesowe;Laptopy 2 w 1;x-kom.pl/p/1504022-laptop-14-acer-aspire-14-ai-ryzen-ai-5-330-32gb-2tb-win11-oled.html;3833.0;4499.0;4499.0;-
2026-09-19 17:57:52;xkom;Kodak RCF-702P czarna;Kodak;Frytkownice;Bagaże;x-kom.pl/p/1317574-ramka-cyfrowa-do-zdjec-kodak-rcf-702p-czarna.html;299.0;349.0;349.0;-
2026-09-19 17:58:18;xkom;MSI Cubi 5 Core 7-150U/24GB/1TB+1TB/Win11X;MSI;Serwery;All-in-One;x-kom.pl/p/1501161-nettop-mini-pc-msi-cubi-5-core-7-150u-24gb-1tb1tb-win11x.html;4399.0;4499.0;4499.0;-
2026-09-19 17:58:21;xkom;3mk Armor MagCase do iPhone 16;3mk;Opaski naramienne;Moduły do smartfonów;x-kom.pl/p/1336033-etui-obudowa-na-smartfona-3mk-armor-magcase-do-iphone-16.html;19.99;59.0;59.0;-
2026-09-19 17:58:24;xkom;HP VICTUS 15 Core i5-13450HX/16GB/512/Win11 RTX3050 144Hz;HP;Laptopy biznesowe;Laptopy 2 w 1;x-kom.pl/p/1520309-laptop-15-16-hp-victus-15-core-i5-13450hx-16gb-512-win11-rtx3050-144hz.html;2799.0;4699.0;4699.0;-
2026-09-19 17:58:37;xkom;HyperX OMEN 16 i7-14650HX/64GB/512+1TB/Win11X RTX5060 240Hz;HyperX;Laptopy biznesowe;Laptopy 2 w 1;x-kom.pl/p/1520184-laptop-15-16-hyperx-omen-16-i7-14650hx-64gb-5121tb-win11x-rtx5060-240hz.html;9199.0;11399.0;11399.0;-
2026-09-19 17:59:09;xkom;HyperX OMEN 16 i7-14650HX/48GB/512+512 RTX5060 240Hz;HyperX;Laptopy biznesowe;Laptopy 2 w 1;x-kom.pl/p/1520151-laptop-15-16-hyperx-omen-16-i7-14650hx-48gb-512512-rtx5060-240hz.html;7499.0;9699.0;9699.0;-
2026-09-19 17:59:24;xkom;HP VICTUS 15 Core i5-13450HX/24GB/1TB/Win11 RTX3050 144Hz;HP;Laptopy biznesowe;Laptopy 2 w 1;x-kom.pl/p/1520316-laptop-15-16-hp-victus-15-core-i5-13450hx-24gb-1tb-win11-rtx3050-144hz.html;4099.0;5999.0;5999.0;-
2026-09-19 17:59:30;xkom;Xiaomi Redmi Watch 6 NFC Obsidian Black;Xiaomi;Smart Ring;Opaski do smartwatchy;x-kom.pl/p/1515151-smartwatch-xiaomi-redmi-watch-6-nfc-obsidian-black.html;469.0;499.0;499.0;-
2026-09-19 17:59:42;xkom;Funko POP Animation: One Piece - Snake-Man Luffy;Funko POP;Klocki LEGO®;Pozostałe gadżety dla graczy;x-kom.pl/p/1266566-figurka-z-gier-funko-pop-animation-one-piece-snake-man-luffy.html;69.0;89.0;89.0;-
2026-09-19 18:00:09;xkom;ASUS RT-BE86U (BE6800 a/b/g/n/ac/ax/be);ASUS;Telefony VoIP;Akcesoria do szaf RACK;x-kom.pl/p/1294049-router-asus-rt-be86u-be6800-a-b-g-n-ac-ax-be.html;999.0;1099.0;1099.0;-
2026-09-19 18:00:18;xkom;Lenovo Legion 5-15 Ryzen 7-250/32GB/512+512/Win11X RTX5050 OLED;Lenovo;Laptopy biznesowe;Laptopy 2 w 1;x-kom.pl/p/1521468-laptop-15-16-lenovo-legion-5-15-ryzen-7-250-32gb-512512-win11x-rtx5050-oled.html;6899.0;7499.0;7499.0;-
2026-09-19 18:00:25;xkom;"Govee H6099 TV Backlight 3 Lite 75""-85""";Govee;Końcówki do szczoteczek i irygatorów;Szczoteczki soniczne;x-kom.pl/p/1266351-inteligentna-tasma-led-govee-h6099-tv-backlight-3-lite-75-85.html;369.0;399.0;399.0;-
2026-09-19 18:00:36;xkom;Dell Alienware AW3226DM;Dell;"Monitory LED 21"" i mniejsze";"Monitory LED 24"" (23,5""-26,4"")";x-kom.pl/p/1577846-monitor-led-32-i-wiekszy-dell-alienware-aw3226dm.html;1049.0;1299.0;1299.0;-
2026-09-19 18:01:04;xkom;Sihoo DORO S100 Mesh czarny;Sihoo;Pufy gamingowe;Akcesoria do biurek;x-kom.pl/p/1542250-fotel-gamingowy-sihoo-doro-s100-mesh-czarny.html;1299.0;1899.0;1899.0;-
2026-09-19 18:01:19;xkom;Philips TAH6509 ANC Czarne;Philips;Wzmacniacze słuchawkowe;Zestawy słuchawkowe;x-kom.pl/p/1283316-sluchawki-bezprzewodowe-philips-tah6509-anc-czarne.html;197.99;199.99;199.99;-
2026-09-19 18:01:44;xkom;MSI Cubi 5 Core 7-150U/24GB/512+1TB/Win11PX;MSI;Serwery;All-in-One;x-kom.pl/p/1501170-nettop-mini-pc-msi-cubi-5-core-7-150u-24gb-5121tb-win11px.html;3949.0;4049.0;4049.0;-
2026-09-19 18:01:59;xkom;HP Probook 4 G1i I5-1334U/32GB/2TB/Win11P;HP;Laptopy biznesowe;Laptopy 2 w 1;x-kom.pl/p/1490796-laptop-15-16-hp-probook-4-g1i-i5-1334u-32gb-2tb-win11p.html;5439.0;5849.0;5849.0;-
2026-09-19 18:02:13;xkom;Xiaomi Soundbar Pro 2.0 ch NS5 Bluetooth Czarny;Xiaomi;Odtwarzacze Blu-ray i DVD;Odtwarzacze multimedialne;x-kom.pl/p/1486965-soundbar-do-tv-xiaomi-soundbar-pro-20-ch-ns5-bluetooth-czarny.html;403.99;449.0;449.0;-
2026-09-19 18:02:48;xkom;ASUS Vivobook S 16 Core 5-210H/24GB/1TB/Win11 144Hz;ASUS;Laptopy biznesowe;Laptopy 2 w 1;x-kom.pl/p/1480987-laptop-15-16-asus-vivobook-s-16-core-5-210h-24gb-1tb-win11-144hz.html;3649.0;3949.0;3949.0;-
2026-09-19 18:02:53;xkom;Minisforum X1 Pro Ryzen AI 9 HX370/64GB/2TB/Win11X;Minisforum;Serwery;All-in-One;x-kom.pl/p/1547997-nettop-mini-pc-minisforum-x1-pro-ryzen-ai-9-hx370-64gb-2tb-win11x.html;7699.0;8099.0;8099.0;-
2026-09-19 18:03:04;xkom;MSI MPG 271QRX QD-OLED;MSI;"Monitory LED 21"" i mniejsze";"Monitory LED 24"" (23,5""-26,4"")";x-kom.pl/p/1223059-monitor-led-27-265-284-msi-mpg-271qrx-qd-oled.html;2399.0;2749.0;2749.0;-
2026-09-19 18:03:15;xkom;FroggieX Uchwyt na telefon do pada Xbox Series X/S;FroggieX;Karty pamięci do konsol;Adaptery i zasilacze do konsol;x-kom.pl/p/1090529-akcesorium-do-pada-froggiex-uchwyt-na-telefon-do-pada-xbox-series-x-s.html;29.0;49.0;49.0;-
2026-09-19 18:03:21;xkom;OPPO Enco Air4 Pro białe;OPPO;Wzmacniacze słuchawkowe;Zestawy słuchawkowe;x-kom.pl/p/1249602-sluchawki-bezprzewodowe-oppo-enco-air4-pro-biale.html;249.0;329.0;329.0;-
2026-09-19 18:03:55;xkom;Dell Pro P2426HE;Dell;"Monitory LED 21"" i mniejsze";"Monitory LED 27"" (26,5""-28,4"")";x-kom.pl/p/1517083-monitor-led-24-235-264-dell-pro-p2426he.html;949.0;999.0;999.0;-
2026-09-19 18:04:08;xkom;HyperX OMEN 15 Core i5-14500HX/32GB/512+512/Win11X RTX5060 180Hz;HyperX;Laptopy biznesowe;Laptopy 2 w 1;x-kom.pl/p/1520053-laptop-15-16-hyperx-omen-15-core-i5-14500hx-32gb-512512-win11x-rtx5060-180hz.html;5899.0;6099.0;6099.0;-
2026-09-19 18:04:25;xkom;HyperX OMEN 15 Core i5-14500HX/24GB/512 RTX5060 180Hz;HyperX;Laptopy biznesowe;Laptopy 2 w 1;x-kom.pl/p/1520025-laptop-15-16-hyperx-omen-15-core-i5-14500hx-24gb-512-rtx5060-180hz.html;4699.0;4899.0;4899.0;-
2026-09-19 18:04:35;xkom;Rampage PLOWER K60 WHITE Blue Switch;Rampage;Etui i obudowy na klawiatury;Kable do klawiatur;x-kom.pl/p/1314859-klawiatura-przewodowa-rampage-plower-k60-white-blue-switch.html;119.99;139.99;139.99;-
2026-09-19 18:04:51;xkom;Dark Project ALU87A Onionite Wireless G3MS Amber;Dark Project;Etui i obudowy na klawiatury;Kable do klawiatur;x-kom.pl/p/1290020-klawiatura-bezprzewodowa-dark-project-alu87a-onionite-wireless-g3ms-amber.html;249.0;259.0;259.0;-
2026-09-19 18:05:21;xkom;HyperX OMEN 16 Ultra 7-270HX Plus/24GB/2TB RTX5070 165Hz;HyperX;Laptopy biznesowe;Laptopy 2 w 1;x-kom.pl/p/1531257-laptop-15-16-hyperx-omen-16-ultra-7-270hx-plus-24gb-2tb-rtx5070-165hz.html;9299.0;10169.1;10169.1;-
2026-09-19 18:05:26;xkom;"TCL NXTPAPER TAB A1 Plus 12.2"" 6/256GB WiFi Szary";TCL;"Tablety 8""";"Tablety 9""";x-kom.pl/p/1570812-tablet-12-tcl-nxtpaper-tab-a1-plus-122-6-256gb-wifi-szary.html;1599.0;1699.0;1699.0;-
2026-09-19 18:05:53;xkom;Corel PaintShop Pro 2023 ESD;Corel;Systemy sprzedaży;Oprogramowanie serwerowe;x-kom.pl/p/1142398-program-graficzny-wideo-corel-paintshop-pro-2023-esd.html;219.0;239.0;239.0;-
2026-09-19 18:06:05;xkom;Xiaomi Redmi Note 17 6/256GB Purple;Xiaomi;Pamięci flash;Akcesoria do tabletów;x-kom.pl/p/1575626-smartfon-telefon-xiaomi-redmi-note-17-6-256gb-purple.html;1099.0;1299.0;1299.0;-
2026-09-19 18:06:20;xkom;HyperX OMEN 16 Ultra 7-270HX Plus/32GB/512+1TB RTX5070 165Hz;HyperX;Laptopy biznesowe;Laptopy 2 w 1;x-kom.pl/p/1531255-laptop-15-16-hyperx-omen-16-ultra-7-270hx-plus-32gb-5121tb-rtx5070-165hz.html;9499.0;10349.1;10349.1;-
2026-09-19 18:06:31;xkom;Minisforum X1 Pro Ryzen AI 9 HX370/32GB/1TB/Win11X;Minisforum;Serwery;All-in-One;x-kom.pl/p/1547986-nettop-mini-pc-minisforum-x1-pro-ryzen-ai-9-hx370-32gb-1tb-win11x.html;6299.0;6699.0;6699.0;-
2026-09-19 18:06:36;xkom;ViewSonic PS502W;ViewSonic;Adaptery Wi-Fi;Pokrowce i torby na projektory;x-kom.pl/p/1181020-projektor-viewsonic-ps502w.html;2739.0;2819.0;2819.0;-
2026-09-19 18:06:42;xkom;Axagon Wieloportowy hub USB 5Gbps, 3x USB-A, 2x HDMI + DP + GLAN,;Axagon;Napędy CD/DVD do laptopów;Moduły Bluetooth do laptopów;x-kom.pl/p/1185555-stacja-dokujaca-do-laptopa-axagon-wieloportowy-hub-usb-5gbps-3x-usb-a-2x-hdmi-dp-glan.html;399.0;499.0;499.0;-
2026-09-19 18:06:48;xkom;MSI Cubi 5 Core 7-150U/16GB/1TB+1TB;MSI;Serwery;All-in-One;x-kom.pl/p/1501142-nettop-mini-pc-msi-cubi-5-core-7-150u-16gb-1tb1tb.html;3399.0;3499.0;3499.0;-
2026-09-19 18:07:06;xkom;HyperX OMEN 15 Ryzen 7-8745HX/32GB/2TB/Win11X RTX5060 180Hz;HyperX;Laptopy biznesowe;Laptopy 2 w 1;x-kom.pl/p/1520139-laptop-15-16-hyperx-omen-15-ryzen-7-8745hx-32gb-2tb-win11x-rtx5060-180hz.html;7299.0;9199.0;9199.0;-
2026-09-19 18:07:40;xkom;Lenovo Legion 5-15 Ryzen 7-250/16GB/512 RTX5050 OLED 165Hz;Lenovo;Laptopy biznesowe;Laptopy 2 w 1;x-kom.pl/p/1521451-laptop-15-16-lenovo-legion-5-15-ryzen-7-250-16gb-512-rtx5050-oled-165hz.html;5499.0;6099.0;6099.0;-
2026-09-19 18:07:52;xkom;Minisforum X1 Pro Ryzen AI 9 HX370/24GB/512+1TB/Win11PX;Minisforum;Serwery;All-in-One;x-kom.pl/p/1548014-nettop-mini-pc-minisforum-x1-pro-ryzen-ai-9-hx370-24gb-5121tb-win11px.html;6149.0;6549.0;6549.0;-
2026-09-19 18:08:01;xkom;ASUS TUF Gaming F16 i5-14450HX/16GB/512 RTX5050;ASUS;Laptopy biznesowe;Laptopy 2 w 1;x-kom.pl/p/1588871-laptop-15-16-asus-tuf-gaming-f16-i5-14450hx-16gb-512-rtx5050.html;3799.0;6999.0;6999.0;-
2026-09-19 18:08:29;xkom;ICY BOX Stacja dokująca dla Mac Mini M4;ICY BOX;Obudowy do dysków;Etui na dyski;x-kom.pl/p/1512625-stacja-dokujaca-dla-dyskow-icy-box-stacja-dokujaca-dla-mac-mini-m4.html;249.0;409.0;409.0;-
2026-09-19 18:08:57;xkom;Dobe Ładowarka do JOY-CON Nintendo Swich 2;Dobe;Karty pamięci do konsol;Adaptery i zasilacze do konsol;x-kom.pl/p/1334443-akcesorium-do-pada-dobe-ladowarka-do-joy-con-nintendo-swich-2.html;79.0;109.0;109.0;-
2026-09-19 18:09:02;xkom;PanzerGlass Hybryda Matrix do iPhone 15 Pro Max;PanzerGlass;Opaski naramienne;Moduły do smartfonów;x-kom.pl/p/1178622-folia-szklo-na-smartfon-panzerglass-hybryda-matrix-do-iphone-15-pro-max.html;68.0;169.0;169.0;-
2026-09-19 18:09:13;xkom;HATOR Hypergang 3 Wireless (czarne);HATOR;Wzmacniacze słuchawkowe;Zestawy słuchawkowe;x-kom.pl/p/1335966-sluchawki-bezprzewodowe-hator-hypergang-3-wireless-czarne.html;449.0;499.0;499.0;-
2026-09-19 18:09:17;xkom;Nikon Nikkor Z 14-24mm f/2.8 S;Nikon;Akcesoria do obiektywów;Obiektywy stałoogniskowe;x-kom.pl/p/1190983-obiektyw-zmiennoogniskowy-nikon-nikkor-z-14-24mm-f-28-s.html;9159.0;11089.0;11089.0;-
2026-09-19 18:09:19;xkom;Carlinkit CCPA Wireless Adapter CarPlay Android Auto;Carlinkit;Odkurzacze samochodowe;Lokalizatory GPS;x-kom.pl/p/1192227-adapter-samochodowy-carlinkit-ccpa-wireless-adapter-carplay-android-auto.html;199.0;229.0;229.0;-
2026-09-19 18:09:31;xkom;HP OMEN 16 Ryzen AI 9-365/32GB/2TB/Win11X RTX5070 144Hz;HP;Laptopy biznesowe;Laptopy 2 w 1;x-kom.pl/p/1454782-laptop-15-16-hp-omen-16-ryzen-ai-9-365-32gb-2tb-win11x-rtx5070-144hz.html;7899.0;7919.1;7919.1;-
2026-09-19 18:10:02;xkom;Funko POP TV: Wednesday - Rave'n Wednesday Addams;Funko POP;Klocki LEGO®;Pozostałe gadżety dla graczy;x-kom.pl/p/1285847-figurka-z-gier-funko-pop-tv-wednesday-raven-wednesday-addams.html;69.0;79.0;79.0;-
2026-09-19 18:10:18;xkom;Acer Aspire 14 Ryzen AI 7-350/32GB/1TB/Win11 OLED;Acer;Laptopy biznesowe;Laptopy 2 w 1;x-kom.pl/p/1520874-laptop-14-acer-aspire-14-ryzen-ai-7-350-32gb-1tb-win11-oled.html;5049.0;5199.0;5199.0;-
2026-09-19 18:10:49;xkom;HyperX OMEN 16 i7-14650HX/24GB/512+512 RTX5060 240Hz;HyperX;Laptopy biznesowe;Laptopy 2 w 1;x-kom.pl/p/1520148-laptop-15-16-hyperx-omen-16-i7-14650hx-24gb-512512-rtx5060-240hz.html;6399.0;8599.0;8599.0;-
2026-09-19 18:10:57;xkom;MSI Cubi 5 Core 7-150U/32GB/1TB/Win11X;MSI;Serwery;All-in-One;x-kom.pl/p/1501159-nettop-mini-pc-msi-cubi-5-core-7-150u-32gb-1tb-win11x.html;4599.0;4699.0;4699.0;-
2026-09-19 18:11:05;xkom;JBL BAR 500 MKII;JBL;Telewizja DVB-T i SAT;Sprzęt DJ;x-kom.pl/p/1355388-soundbar-jbl-bar-500-mkii.html;2199.0;2799.0;2799.0;-
2026-09-19 18:11:25;xkom;Minisforum X1 Pro Ryzen AI 9 HX370/64GB/1TB/Win11PX;Minisforum;Serwery;All-in-One;x-kom.pl/p/1548012-nettop-mini-pc-minisforum-x1-pro-ryzen-ai-9-hx370-64gb-1tb-win11px.html;7449.0;7849.0;7849.0;-
2026-09-19 18:12:09;xkom;PanzerGlass Hoops (soczewki na obiektyw) do Samsung Galaxy S24 Ultra;PanzerGlass;Opaski naramienne;Moduły do smartfonów;x-kom.pl/p/1212128-folia-szklo-na-smartfon-panzerglass-hoops-soczewki-na-obiektyw-do-samsung-galaxy-s24-ultra.html;36.0;89.0;89.0;-
2026-09-19 18:12:16;xkom;Belkin Stacja do ładowania bezprzewodowego na iPhone, Apple;Belkin;Opaski naramienne;Moduły do smartfonów;x-kom.pl/p/1330435-ladowarka-do-smartfonow-belkin-stacja-do-ladowania-bezprzewodowego-na-iphone-apple.html;499.0;659.0;659.0;-
2026-09-19 18:12:22;xkom;Lenovo IdeaPad Slim 3-15 Ryzen 5-150/24GB/512/Win11;Lenovo;Laptopy biznesowe;Laptopy 2 w 1;x-kom.pl/p/1521308-laptop-15-16-lenovo-ideapad-slim-3-15-ryzen-5-150-24gb-512-win11.html;2599.0;2899.0;2899.0;rabat1
2026-09-19 18:12:39;xkom;Huawei MatePad 11.5 2025 PaperMatte 8/256GB Grey +M-Pen Lite;Huawei;"Tablety 8""";"Tablety 9""";x-kom.pl/p/1524238-tablet-11-huawei-matepad-115-2025-papermatte-8-256gb-grey-m-pen-lite.html;1249.0;1299.0;1299.0;-
2026-09-19 18:12:45;xkom;iiyama ProLite XB2793HSU-B1;iiyama;"Monitory LED 21"" i mniejsze";"Monitory LED 24"" (23,5""-26,4"")";x-kom.pl/p/1490151-monitor-led-27-265-284-iiyama-prolite-xb2793hsu-b1.html;599.0;639.0;639.0;-
2026-09-19 18:12:58;xkom;ASUS ZenWiFi BT10 (18000Mb/s a/b/g/n/ac/ax/be) 1xAP;ASUS;Telefony VoIP;Akcesoria do szaf RACK;x-kom.pl/p/1274973-system-mesh-wi-fi-asus-zenwifi-bt10-18000mb-s-a-b-g-n-ac-ax-be-1xap.html;1369.0;1599.0;1599.0;-
2026-09-19 18:13:18;xkom;Minisforum X1 Pro Ryzen AI 9 HX370/48GB/512+1TB;Minisforum;Serwery;All-in-One;x-kom.pl/p/1547968-nettop-mini-pc-minisforum-x1-pro-ryzen-ai-9-hx370-48gb-5121tb.html;6399.0;6799.0;6799.0;-
2026-09-19 18:13:36;xkom;Sihoo DORO C300L Mesh czarny;Sihoo;Pufy gamingowe;Akcesoria do biurek;x-kom.pl/p/1542354-fotel-gamingowy-sihoo-doro-c300l-mesh-czarny.html;1599.0;1999.0;1999.0;-
2026-09-19 18:13:43;xkom;ASUS Vivobook 15 Core 5-120U/24GB/512/Win11;ASUS;Laptopy biznesowe;Laptopy 2 w 1;x-kom.pl/p/1480810-laptop-15-16-asus-vivobook-15-core-5-120u-24gb-512-win11.html;3149.0;3249.0;3249.0;-
2026-09-19 18:13:50;xkom;"Anda Seat Stealth II PRO RGB 17""- 42"" czarny";Anda Seat;Lampki na monitor;Kable VGA/D-SUB;x-kom.pl/p/1473979-uchwyt-do-monitora-anda-seat-stealth-ii-pro-rgb-17-42-czarny.html;329.0;429.0;429.0;-
2026-09-19 18:13:56;xkom;Gigabyte GS27QCA;Gigabyte;"Monitory LED 21"" i mniejsze";"Monitory LED 24"" (23,5""-26,4"")";x-kom.pl/p/1315171-monitor-led-27-265-284-gigabyte-gs27qca.html;599.0;639.0;639.0;-
2026-09-19 18:14:14;xkom;Motorola edge 70 5G 12/512GB Bronze Green 120Hz + Ładowarka 68W;Motorola;Pamięci flash;Akcesoria do tabletów;x-kom.pl/p/1486849-smartfon-telefon-motorola-edge-70-5g-12-512gb-bronze-green-120hz-ladowarka-68w.html;2099.0;2299.0;2299.0;-
2026-09-19 18:15:11;xkom;ASUS TUF Gaming VG259QL5A;ASUS;"Monitory LED 21"" i mniejsze";"Monitory LED 27"" (26,5""-28,4"")";x-kom.pl/p/1348402-monitor-led-24-235-264-asus-tuf-gaming-vg259ql5a.html;549.0;569.0;569.0;-
2026-09-19 18:15:24;xkom;HATOR Phoenix 2 ANC Wireless (białe);HATOR;Wzmacniacze słuchawkowe;Zestawy słuchawkowe;x-kom.pl/p/1335964-sluchawki-bezprzewodowe-hator-phoenix-2-anc-wireless-biale.html;349.0;419.0;419.0;-
2026-09-19 18:15:29;xkom;3mk Lens Protection Pro do iPhone 14 violet;3mk;Opaski naramienne;Moduły do smartfonów;x-kom.pl/p/1067649-folia-szklo-na-smartfon-3mk-lens-protection-pro-do-iphone-14-violet.html;14.99;34.99;34.99;-
2026-09-19 18:15:34;xkom;Gigabyte EAGLE Ryzen 5-7533HS/32GB/1TB/Win11 RTX3050 165Hz;Gigabyte;Laptopy biznesowe;Laptopy 2 w 1;x-kom.pl/p/1545729-laptop-15-16-gigabyte-eagle-ryzen-5-7533hs-32gb-1tb-win11-rtx3050-165hz.html;4799.0;4899.0;4899.0;-
2026-09-19 18:15:51;xkom;Minisforum X1 Pro Ryzen AI 9 HX370/64GB/1TB/Win11X;Minisforum;Serwery;All-in-One;x-kom.pl/p/1547988-nettop-mini-pc-minisforum-x1-pro-ryzen-ai-9-hx370-64gb-1tb-win11x.html;7299.0;7699.0;7699.0;-
2026-09-19 18:15:54;xkom;Netatmo Rain Gauge (moduł deszczomierza);Netatmo;Końcówki do szczoteczek i irygatorów;Szczoteczki soniczne;x-kom.pl/p/389524-stacja-pogodowa-netatmo-rain-gauge-modul-deszczomierza.html;299.0;349.0;349.0;-
2026-09-19 18:16:03;xkom;"MAGEASY Facet with Pencil Holder do iPad 10/11 gen (10.9"") (Black)";MAGEASY;Ładowarki do tabletów;Powerbanki;x-kom.pl/p/1415817-etui-na-tablet-mageasy-facet-with-pencil-holder-do-ipad-10-11-gen-109-black.html;139.0;199.0;199.0;-
2026-09-19 18:16:07;xkom;Motorola razr fold 5G 16/512 Lily White 165Hz;Motorola;Pamięci flash;Akcesoria do tabletów;x-kom.pl/p/1518465-smartfon-telefon-motorola-razr-fold-5g-16-512-lily-white-165hz.html;8999.0;9999.0;9999.0;-
2026-09-19 18:16:10;xkom;ART AR-24;ART;Telewizja DVB-T i SAT;Sprzęt DJ;x-kom.pl/p/204400-uchwyt-do-telewizora-art-ar-24.html;342.0;365.0;365.0;-
2026-09-19 18:16:15;xkom;Funko POP Vinyl: Formula 1 - Max Verstappen;Funko POP;Klocki LEGO®;Pozostałe gadżety dla graczy;x-kom.pl/p/1244902-figurka-z-gier-funko-pop-vinyl-formula-1-max-verstappen.html;69.0;79.0;79.0;-
2026-09-19 18:16:34;xkom;Merch Imagination: Edward Dwurnik Radzymin Puzzles 1000;Merch;Klocki LEGO®;Gadżety technologiczne;x-kom.pl/p/1056321-pozostale-gadzety-dla-gracza-merch-imagination-edward-dwurnik-radzymin-puzzles-1000.html;59.0;69.0;69.0;-
2026-09-19 18:17:07;xkom;Gigabyte GAMING A18 Ryzen 7 260/32GB/512/Win11 RTX5050 165Hz;Gigabyte;Laptopy biznesowe;Laptopy 2 w 1;x-kom.pl/p/1503062-laptop-173-i-wieksze-gigabyte-gaming-a18-ryzen-7-260-32gb-512-win11-rtx5050-165hz.html;5698.0;6099.0;6099.0;-
2026-09-19 18:17:15;xkom;Nikon Nikkor Z 35mm f/1.4;Nikon;Akcesoria do obiektywów;Obiektywy zmiennoogniskowe;x-kom.pl/p/1266662-obiektyw-staloogniskowy-nikon-nikkor-z-35mm-f-14.html;2599.0;2859.0;2859.0;-
2026-09-19 18:17:21;xkom;"Apple Studio Display 27"" 5K Regulacja pochylenia";Apple;"Monitory LED 21"" i mniejsze";"Monitory LED 24"" (23,5""-26,4"")";x-kom.pl/p/1506520-monitor-led-27-265-284-apple-studio-display-27-5k-regulacja-pochylenia.html;7289.0;7499.0;7499.0;-
2026-09-19 18:17:26;xkom;HyperX OMEN 15 Core i5-14500HX/16GB/512+512/Win11 RTX5060 180Hz;HyperX;Laptopy biznesowe;Laptopy 2 w 1;x-kom.pl/p/1520003-laptop-15-16-hyperx-omen-15-core-i5-14500hx-16gb-512512-win11-rtx5060-180hz.html;4999.0;5199.0;5199.0;-
2026-09-19 18:17:30;xkom;Philips Evnia 27M2N3201A/00;Philips;"Monitory LED 21"" i mniejsze";"Monitory LED 24"" (23,5""-26,4"")";x-kom.pl/p/1275688-monitor-led-27-265-284-philips-evnia-27m2n3201a-00.html;569.0;599.0;599.0;-
2026-09-19 18:18:04;xkom;MOVA Robot sprzątający MOVA RVC E20s Pro Plus White;MOVA;Frytkownice;Bagaże;x-kom.pl/p/1486600-robot-sprzatajacy-mova-robot-sprzatajacy-mova-rvc-e20s-pro-plus-white.html;599.0;829.0;829.0;-
2026-09-19 18:19:06;xkom;Diablo Chairs X-EYE PRIME CHAIR META OCEAN;Diablo Chairs;Pufy gamingowe;Akcesoria do biurek;x-kom.pl/p/1526800-fotel-gamingowy-diablo-chairs-x-eye-prime-chair-meta-ocean.html;1599.0;1699.0;1699.0;-
2026-09-19 18:19:12;xkom;Diablo Chairs X-ONE PRIME CHAIR MYSTIC MINT;Diablo Chairs;Pufy gamingowe;Akcesoria do biurek;x-kom.pl/p/1527046-fotel-gamingowy-diablo-chairs-x-one-prime-chair-mystic-mint.html;999.0;1199.0;1199.0;-
2026-09-19 18:19:27;xkom;PanzerGlass Ultra-Wide Fit do Samsung Galaxy S24;PanzerGlass;Opaski naramienne;Moduły do smartfonów;x-kom.pl/p/1212135-folia-szklo-na-smartfon-panzerglass-ultra-wide-fit-do-samsung-galaxy-s24.html;64.0;159.0;159.0;-
2026-09-19 18:19:45;xkom;HyperX OMEN 15 Core i5-14500HX/16GB/512/Win11X RTX5060 180Hz;HyperX;Laptopy biznesowe;Laptopy 2 w 1;x-kom.pl/p/1520048-laptop-15-16-hyperx-omen-15-core-i5-14500hx-16gb-512-win11x-rtx5060-180hz.html;4999.0;5199.0;5199.0;-
2026-09-19 18:19:49;xkom;Genesis NEON 613 G2 RGB Białe;Genesis;Wzmacniacze słuchawkowe;Zestawy słuchawkowe;x-kom.pl/p/1328939-sluchawki-przewodowe-genesis-neon-613-g2-rgb-biale.html;129.0;149.0;149.0;-
2026-09-19 18:19:57;xkom;Trust GXT709W LUMINUS RGB DESK WHITE;Trust;Pufy gamingowe;Akcesoria do biurek;x-kom.pl/p/1489342-biurko-gamingowe-trust-gxt709w-luminus-rgb-desk-white.html;599.0;699.0;699.0;-
2026-09-19 18:20:13;xkom;Optoma HZ151X;Optoma;Adaptery Wi-Fi;Pokrowce i torby na projektory;x-kom.pl/p/1519380-projektor-optoma-hz151x.html;4199.0;4299.0;4299.0;-
2026-09-19 18:20:18;xkom;Belkin Kabel USB-A - USB-C 3m;Belkin;Organizery do kabli;Zestawy kabli;x-kom.pl/p/1324190-kabel-usb-belkin-kabel-usb-a-usb-c-3m.html;69.0;99.0;99.0;-
2026-09-19 18:20:32;xkom;ASUS VivoBook 16 Core 9-270H/24GB/1TB/Win11;ASUS;Laptopy biznesowe;Laptopy 2 w 1;x-kom.pl/p/1517876-laptop-15-16-asus-vivobook-16-core-9-270h-24gb-1tb-win11.html;4899.0;5049.0;5049.0;-
2026-09-19 18:20:44;xkom;Merch Gaming Puzzle: Diablo IV Inarius Puzzles 1000;Merch;Klocki LEGO®;Pozostałe gadżety dla graczy;x-kom.pl/p/1178556-puzzle-z-gier-merch-gaming-puzzle-diablo-iv-inarius-puzzles-1000.html;59.0;69.0;69.0;-
2026-09-19 18:20:49;xkom;iiyama ProLite X2792HSU-B1;iiyama;"Monitory LED 21"" i mniejsze";"Monitory LED 24"" (23,5""-26,4"")";x-kom.pl/p/1361885-monitor-led-27-265-284-iiyama-prolite-x2792hsu-b1.html;559.0;599.0;599.0;-
2026-09-19 18:21:00;xkom;Lenovo Legion 5-15 Ryzen 7-250/16GB/512/Win11X RTX5050 OLED 165Hz;Lenovo;Laptopy biznesowe;Laptopy 2 w 1;x-kom.pl/p/1521463-laptop-15-16-lenovo-legion-5-15-ryzen-7-250-16gb-512-win11x-rtx5050-oled-165hz.html;5999.0;6599.0;6599.0;-
2026-09-19 18:21:04;xkom;ASUS Vivobook 15 Core 5-120U/40GB/1TB/Win11;ASUS;Laptopy biznesowe;Laptopy 2 w 1;x-kom.pl/p/1480814-laptop-15-16-asus-vivobook-15-core-5-120u-40gb-1tb-win11.html;3949.0;4049.0;4049.0;-
2026-09-19 18:21:09;xkom;ASUS Zenbook A16 Snapdragon X1-26-100/16GB/512/Win11;ASUS;Laptopy biznesowe;Laptopy 2 w 1;x-kom.pl/p/1522901-laptop-15-16-asus-zenbook-a16-snapdragon-x1-26-100-16gb-512-win11.html;5199.0;5499.0;5499.0;-
2026-09-19 18:21:14;xkom;ASUS TUF GAMING B850M-PLUS WIFI7 WHITE;ASUS;Płyty główne Socket 1851;Płyty główne Socket sTR5;x-kom.pl/p/1513750-plyta-glowna-socket-am5-asus-tuf-gaming-b850m-plus-wifi7-white.html;989.0;1089.0;1089.0;-
2026-09-19 18:21:19;xkom;MSI Cubi 5 Core 7-150U/32GB/1TB+1TB;MSI;Serwery;All-in-One;x-kom.pl/p/1501144-nettop-mini-pc-msi-cubi-5-core-7-150u-32gb-1tb1tb.html;4399.0;4499.0;4499.0;-
2026-09-19 18:21:44;xkom;Spigen Ultra Hybrid do Samsung Galaxy A55 5G Crystal Clear;Spigen;Opaski naramienne;Moduły do smartfonów;x-kom.pl/p/1231523-etui-obudowa-na-smartfona-spigen-ultra-hybrid-do-samsung-galaxy-a55-5g-crystal-clear.html;49.99;82.99;82.99;-
2026-09-19 18:21:48;xkom;Bublue F10-BL-EU;Bublue;Frytkownice;Bagaże;x-kom.pl/p/1521891-robot-i-odkurzacz-basenowy-bublue-f10-bl-eu.html;899.0;1099.0;1099.0;-
2026-09-19 18:22:07;xkom;Redragon Crux RGB;Redragon;Etui i obudowy na klawiatury;Kable do klawiatur;x-kom.pl/p/1338499-klawiatura-przewodowa-redragon-crux-rgb.html;59.0;69.0;69.0;-
2026-09-19 18:22:14;xkom;HyperX OMEN 15 Ryzen 7-8745HX/24GB/512+1TB/Win11X RTX5060 180Hz;HyperX;Laptopy biznesowe;Laptopy 2 w 1;x-kom.pl/p/1520131-laptop-15-16-hyperx-omen-15-ryzen-7-8745hx-24gb-5121tb-win11x-rtx5060-180hz.html;6499.0;8399.0;8399.0;-
2026-09-19 18:22:22;xkom;Motorola edge 70 5G 12/512GB Lily Pad 120Hz;Motorola;Pamięci flash;Akcesoria do tabletów;x-kom.pl/p/1365336-smartfon-telefon-motorola-edge-70-5g-12-512gb-lily-pad-120hz.html;1999.0;2199.0;2199.0;-
2026-09-19 18:22:25;xkom;iiyama G-Master GB2471HSU-B1 Red Eagle;iiyama;"Monitory LED 21"" i mniejsze";"Monitory LED 27"" (26,5""-28,4"")";x-kom.pl/p/1370360-monitor-led-24-235-264-iiyama-g-master-gb2471hsu-b1-red-eagle.html;539.0;549.0;549.0;-
2026-09-19 18:22:35;xkom;ASUS Vivobook S 16 Core 5-210H/40GB/512/Win11 144Hz;ASUS;Laptopy biznesowe;Laptopy 2 w 1;x-kom.pl/p/1480985-laptop-15-16-asus-vivobook-s-16-core-5-210h-40gb-512-win11-144hz.html;3849.0;4149.0;4149.0;-
2026-09-19 18:22:39;xkom;HATOR Quasar 3 ULTRA 8K (czarna);HATOR;Etui na myszki i podkładki;Kable do myszek;x-kom.pl/p/1332255-myszka-bezprzewodowa-hator-quasar-3-ultra-8k-czarna.html;329.0;399.0;399.0;-
2026-09-19 18:23:10;xkom;HP OMEN 16 Ryzen AI 9-365/32GB/2TB RTX5070 144Hz;HP;Laptopy biznesowe;Laptopy 2 w 1;x-kom.pl/p/1454777-laptop-15-16-hp-omen-16-ryzen-ai-9-365-32gb-2tb-rtx5070-144hz.html;7399.0;7469.1;7469.1;-
2026-09-19 18:23:14;xkom;"Anda Seat Stealth PRO II Duo 17""-42” titanium";Anda Seat;Lampki na monitor;Kable VGA/D-SUB;x-kom.pl/p/1473985-uchwyt-do-monitora-anda-seat-stealth-pro-ii-duo-17-42-titanium.html;549.0;699.0;699.0;-
2026-09-19 18:23:22;xkom;ASUS Vivobook 16 Core 9-270H/16GB/512/Win11 Srebrny;ASUS;Laptopy biznesowe;Laptopy 2 w 1;x-kom.pl/p/1522914-laptop-15-16-asus-vivobook-16-core-9-270h-16gb-512-win11-srebrny.html;3699.0;5119.0;5119.0;-
2026-09-19 18:23:26;xkom;JBL GO 5 Czarny;JBL;Subwoofery;Kolumny stereo;x-kom.pl/p/1518294-glosnik-przenosny-jbl-go-5-czarny.html;179.0;199.0;199.0;-
2026-09-19 18:23:29;xkom;Cougar MX600 Mini RGB White;Cougar;Akcesoria do obudów;Obudowy do komputera;x-kom.pl/p/1336268-obudowa-do-komputera-cougar-mx600-mini-rgb-white.html;299.0;329.0;329.0;-
2026-09-19 18:23:37;xkom;Xiaomi Redmi Note 17 5G 6/256GB Black;Xiaomi;Pamięci flash;Akcesoria do tabletów;x-kom.pl/p/1575628-smartfon-telefon-xiaomi-redmi-note-17-5g-6-256gb-black.html;1249.0;1499.0;1499.0;-
2026-09-19 18:23:40;xkom;UBpet C10 samoczyszcząca kuweta dla kota;UBpet;Końcówki do szczoteczek i irygatorów;Szczoteczki soniczne;x-kom.pl/p/1514997-inteligentne-akcesorium-dla-zwierzat-ubpet-c10-samoczyszczaca-kuweta-dla-kota.html;859.0;879.0;879.0;-
2026-09-19 18:23:52;xkom;HyperX OMEN 15 Core i5-14500HX/48GB/512+1TB/Win11X RTX5060 180Hz;HyperX;Laptopy biznesowe;Laptopy 2 w 1;x-kom.pl/p/1520062-laptop-15-16-hyperx-omen-15-core-i5-14500hx-48gb-5121tb-win11x-rtx5060-180hz.html;7099.0;7299.0;7299.0;-
2026-09-19 18:24:02;xkom;Elago Armor Case do iPhone 17 PRO Max;Elago;Opaski naramienne;Moduły do smartfonów;x-kom.pl/p/1360566-etui-obudowa-na-smartfona-elago-armor-case-do-iphone-17-pro-max.html;99.99;159.0;159.0;-
2026-09-19 18:24:07;xkom;ASUS ProArt PA247CV;ASUS;"Monitory LED 21"" i mniejsze";"Monitory LED 27"" (26,5""-28,4"")";x-kom.pl/p/637266-monitor-led-24-235-264-asus-proart-pa247cv.html;769.0;799.0;799.0;-
2026-09-19 18:24:34;xkom;Lenovo Legion 5-15 Ryzen 7-250/24GB/512+512/Win11X RTX5050 OLED;Lenovo;Laptopy biznesowe;Laptopy 2 w 1;x-kom.pl/p/1521467-laptop-15-16-lenovo-legion-5-15-ryzen-7-250-24gb-512512-win11x-rtx5050-oled.html;6399.0;6999.0;6999.0;-
2026-09-19 18:25:21;xkom;HyperX OMEN 16 i7-14650HX/24GB/512+512/Win11X RTX5060 240Hz;HyperX;Laptopy biznesowe;Laptopy 2 w 1;x-kom.pl/p/1520172-laptop-15-16-hyperx-omen-16-i7-14650hx-24gb-512512-win11x-rtx5060-240hz.html;6899.0;9099.0;9099.0;-
2026-09-19 18:26:01;xkom;Dell Pro E2425HM;Dell;"Monitory LED 21"" i mniejsze";"Monitory LED 27"" (26,5""-28,4"")";x-kom.pl/p/1336124-monitor-led-24-235-264-dell-pro-e2425hm.html;369.0;379.0;379.0;-
2026-09-19 18:26:07;xkom;Acer Aspire Go 15 Ryzen 7-7730U/16GB/2TB/Win11;Acer;Laptopy biznesowe;Laptopy 2 w 1;x-kom.pl/p/1572594-laptop-15-16-acer-aspire-go-15-ryzen-7-7730u-16gb-2tb-win11.html;3999.0;4199.0;4199.0;-
2026-09-19 18:26:11;xkom;Unitek Stacja klonująca dyski 2x M.2 PCIe/NVMe SSD;Unitek;Obudowy do dysków;Etui na dyski;x-kom.pl/p/1083776-stacja-dokujaca-dla-dyskow-unitek-stacja-klonujaca-dyski-2x-m2-pcie-nvme-ssd.html;249.0;309.0;309.0;-
2026-09-19 18:26:48;xkom;Merch Cyberpunk 2077: Mercenary on the Rise Puzzles 1000;Merch;Klocki LEGO®;Pozostałe gadżety dla graczy;x-kom.pl/p/1068685-puzzle-z-gier-merch-cyberpunk-2077-mercenary-on-the-rise-puzzles-1000.html;59.0;69.0;69.0;-
2026-09-19 18:26:54;xkom;MOVA MOVA K30;MOVA;Frytkownice;Bagaże;x-kom.pl/p/1314827-odkurzacz-mova-mova-k30.html;729.0;748.0;748.0;-
2026-09-19 18:27:23;xkom;HyperX OMEN 15 Core i5-14500HX/64GB/512+1TB/Win11X RTX5060 180Hz;HyperX;Laptopy biznesowe;Laptopy 2 w 1;x-kom.pl/p/1520064-laptop-15-16-hyperx-omen-15-core-i5-14500hx-64gb-5121tb-win11x-rtx5060-180hz.html;7699.0;7899.0;7899.0;-
2026-09-19 18:27:42;xkom;Genesis Fotel ergonomiczny ASTAT 200 G2 czarny;Genesis;Pufy gamingowe;Akcesoria do biurek;x-kom.pl/p/1077871-fotel-gamingowy-genesis-fotel-ergonomiczny-astat-200-g2-czarny.html;599.0;699.0;699.0;-
